Store,avg_daily_sales,sales_cv,avg_daily_customers,promo_lift_pct,promo_day_share,n_open_days,cluster,pca_x,pca_y
1,4776.826845637584,0.21363216635277266,566.751677852349,22.246863464350294,0.44966442953020136,745,1,0.22485314621335953,-1.7517319899528931
2,4954.3422459893045,0.32572092878886677,583.1604278074866,62.647521806540986,0.4532085561497326,748,3,-1.7682455713258323,0.41610108420003966
3,6947.705248990579,0.31715648388953904,752.9973082099597,64.8104273991561,0.4508748317631225,743,3,-1.0531599184667757,1.045861910452933
4,9621.410427807486,0.20212225273943593,1323.9532085561498,18.712245108481056,0.45187165775401067,748,0,2.440489659079201,-0.02111229008821421
5,4685.900403768506,0.37864559187026686,538.7765814266487,73.63738601558151,0.4522207267833109,743,3,-2.587047460173411,1.100742025223279
6,5560.903225806452,0.28362419429941144,641.4771505376344,44.67856891329089,0.4529569892473118,744,1,-0.73912409256983,-0.2755913821123881
7,8766.276,0.277137330149331,944.9813333333333,41.40181876481849,0.452,750,1,0.5119685253081155,0.6124214562599476
8,5500.093582887701,0.3421644043382244,655.6136363636364,67.50067655301392,0.45187165775401067,748,3,-1.786033684381822,0.9216311509412614
9,6525.421265141319,0.24724402996032288,578.0336473755048,31.716035722831993,0.4508748317631225,743,1,0.05071214384493725,-0.8473517022479016
10,5551.848930481284,0.18883689164902617,593.8890374331551,27.23225172839456,0.45187165775401067,748,1,0.4476912889940909,-1.6687070596311946
11,8061.685828877005,0.2802496031141596,1135.3275401069518,30.28799271250739,0.45187165775401067,748,0,0.9078355408411313,0.4460287437484777
12,7590.298128342246,0.27023791862622704,897.8328877005348,49.51704235708602,0.45187165775401067,748,1,0.0494434349494716,0.4986035318131503
13,5021.834188034188,0.31754848176819606,384.4769230769231,63.054255923102296,0.4427350427350427,585,3,-1.7578593999029124,0.228634336760499
14,5516.676985195155,0.2683662772531696,633.349932705249,47.564938105290835,0.4508748317631225,743,1,-0.6661490467298722,-0.32000026889474115
15,6665.601604278075,0.24299663397843888,663.913101604278,38.17585937112795,0.45187165775401067,748,1,0.04606864137148609,-0.5662530206397833
16,7658.624831309042,0.2480727089271619,851.8110661268556,41.93938521356597,0.4493927125506073,741,1,0.43097391787226164,0.06541732915495868
17,6352.936997319035,0.3944121134905562,794.3364611260054,82.15842221461529,0.45308310991957107,746,3,-2.2508682809134237,2.143529718191894
18,6542.017426273458,0.272580990836298,713.6554959785523,43.5572203859002,0.45308310991957107,746,1,-0.31749243126024423,-0.1206796736622333
19,6458.877523553163,0.28535485801346555,626.1292059219381,51.58293459516581,0.4508748317631225,743,3,-0.7273887444727061,0.11607279707299487
20,7709.044596912521,0.21705402831131018,845.746140651801,31.271932335763154,0.4391080617495712,583,1,1.1862823612401343,-0.3856200446294794
21,5466.268556005398,0.3255948634253509,517.7017543859649,62.812020171797336,0.4493927125506073,741,3,-1.6782454614284215,0.4760117738022564
22,4505.715265866209,0.25055081323537215,504.10291595197253,43.43359060617882,0.4425385934819897,583,1,-0.6258585313508368,-0.8616172585311733
23,5523.367429340511,0.29111887248932666,483.20188425302825,51.33504368033675,0.4508748317631225,743,3,-1.1642233713649548,-0.21466177276565193
24,9371.411843876178,0.27718599373816616,837.1211305518169,44.36088418336008,0.4508748317631225,743,1,0.4283041511617142,0.6805773426321174
25,11176.765363128492,0.25851699464147576,1575.8533519553073,35.196760360681026,0.4511173184357542,716,0,2.2416704889478662,1.6040367940346456
26,6663.938337801608,0.30424878395720545,556.4034852546916,52.712495487857616,0.45308310991957107,746,3,-1.0162807170739894,0.2312326753344675
27,9481.573351278601,0.306149949182434,1078.7442799461642,56.29470481491988,0.4508748317631225,743,3,0.2457424272457941,1.632650037050836
28,5326.67074829932,0.40587705193478885,585.4761904761905,65.74314161699782,0.454421768707483,735,3,-2.4515871435974432,1.2711940381093498
29,7342.335127860027,0.3017563402508192,653.5181695827725,43.137136201840995,0.4508748317631225,743,1,-0.4194921116827104,0.22276689905551228
30,5357.944669365722,0.28671273181168083,786.8488529014845,42.05151936730084,0.4493927125506073,741,1,-0.4534261993138226,-0.1192764389381098
31,5867.798128342246,0.2291722719893401,587.9117647058823,29.243967761379796,0.45187165775401067,748,1,0.12118383666766239,-1.2028097711005001
32,4054.374358974359,0.31481778302081553,476.8615384615385,64.61986456722299,0.4427350427350427,585,3,-1.8433992099721603,0.19140039655860855
33,8455.092866756393,0.20735240124897328,840.2193808882907,24.449222710540315,0.4508748317631225,743,1,1.3384062858732113,-0.6815126221059641
34,8015.360962566845,0.18794435437122342,994.2045454545455,26.374784506408776,0.45187165775401067,748,1,1.554909797299684,-0.6827439606702376
35,9644.1467025572,0.30791597638804175,729.5033647375504,56.22749420109864,0.4508748317631225,743,3,-0.23211301584453423,1.199360663828751
36,9316.537542662116,0.13981544566495488,1089.8873720136519,14.103408599335548,0.44197952218430037,586,0,2.8860542789437487,-0.9576596131063296
37,7136.356182795699,0.26708088930676616,784.9475806451613,27.88168148725532,0.45161290322580644,744,1,0.39404066927264536,-0.392716279660198
38,6000.7819650067295,0.3025250178906915,536.1157469717363,48.180033933880246,0.4508748317631225,743,3,-1.001206528387082,-0.041690403608828565
39,4859.162853297443,0.38568345578815794,632.1211305518169,73.51523102876693,0.4508748317631225,743,3,-2.4438219477920047,1.3370497024992989
40,4927.978378378379,0.23065196573931007,668.3337837837838,20.081510592263466,0.45,740,1,0.31125996827782293,-1.500625403532108
41,5313.581911262799,0.2625290868997415,396.41808873720134,24.023607002217965,0.44197952218430037,586,1,-0.19051124844330108,-1.30317467212762
42,10184.496635262449,0.2431429802412252,1103.1103633916555,41.198581744755025,0.4508748317631225,743,0,1.3365602962306897,0.8084796965888463
43,6848.189771197846,0.2874082454021453,613.0201884253029,53.82644064464445,0.4508748317631225,743,3,-0.741808771250609,0.25548632079375627
44,5495.939839572193,0.28869215729203956,643.0708556149733,56.10414954057688,0.45187165775401067,748,3,-1.0682102816800747,0.1028407030658687
45,5348.742934051144,0.2482989330745899,416.02153432032304,31.78698526454773,0.4508748317631225,743,1,-0.43272517243152764,-1.2825809326980804
46,5360.592150170649,0.29504738443273354,662.377133105802,53.241220258227294,0.44197952218430037,586,3,-0.8338324884609489,0.2011674319889883
47,7140.426470588235,0.24358827138290806,922.3596256684492,40.47918583218949,0.45187165775401067,748,1,0.4472603855253539,-0.04999796144465913
48,3962.457219251337,0.22780446323434522,432.91711229946526,34.08544840074091,0.45187165775401067,748,1,-0.6072165944810141,-1.6511038105820464
49,7281.105263157895,0.25025622496022826,530.8232118758434,29.19785153753939,0.4493927125506073,741,1,0.21162373428443765,-0.7951612874491769
50,4244.454912516823,0.27811455141401625,358.4199192462988,43.150858386218935,0.4508748317631225,743,1,-1.2838809115977832,-0.9810679025741433
51,6645.738907849829,0.22960228152137813,496.58191126279866,20.442580535712853,0.44197952218430037,586,1,0.5894794415022425,-1.3053043659297432
52,7458.116040955631,0.26958608662495626,507.7269624573379,35.03764175994564,0.44197952218430037,586,1,0.06212148108064826,-0.36040915048988786
53,5257.855614973262,0.281443928546659,567.163101604278,43.03712677942503,0.45187165775401067,748,1,-0.823337478263083,-0.48822011749144184
54,7914.032042723631,0.2648977381616725,733.5006675567423,22.527938594242027,0.45260347129506007,749,1,0.6174578059474488,-0.5010224547242221
55,4582.568548387097,0.3364608823996135,558.3360215053764,58.38055481494596,0.4529569892473118,744,3,-1.8506049655660508,0.28555692188073994
56,7273.4697986577185,0.2377841129036246,504.3288590604027,22.396597542929563,0.44966442953020136,745,1,0.44692192615791043,-1.142873065403787
57,10684.234332425069,0.34933536341511195,996.6294277929155,52.63501064777222,0.4536784741144414,734,3,0.05817645308697345,1.9896433898427315
58,6287.989778534923,0.27813444197012416,511.68994889267464,42.54275524747136,0.44293015332197616,587,1,-0.45971985495820245,-0.2982107136172395
59,5510.981233243968,0.34752437868548625,566.0134048257372,63.44153208722664,0.45308310991957107,746,3,-1.874980062137567,0.7157240779845508
60,7998.3494623655915,0.3367124809414093,712.9139784946236,62.28650404561685,0.4529569892473118,744,3,-1.0329432705229147,1.2649654528141336
61,4688.889338731444,0.24984008923657372,570.5411605937921,27.072603348603536,0.4493927125506073,741,1,-0.20490077013656052,-1.3012488530666941
62,6506.600269179004,0.2826075893076729,719.4387617765814,48.43473455173009,0.4508748317631225,743,1,-0.47930849178569473,0.13766201985655024
63,6930.46256684492,0.26728125835242494,638.5895721925134,33.270124247817066,0.45187165775401067,748,1,-0.0057164141657168235,-0.4780713652819042
64,10319.013458950201,0.25611269580717705,792.343203230148,34.79263308403919,0.4508748317631225,743,0,0.9824774475990012,0.337979751454391
65,5113.731182795699,0.3450647932546374,456.56451612903226,60.21816554635272,0.45161290322580644,744,3,-1.9766797308174942,0.39365518109004405
66,6102.716599190283,0.18952933664178667,523.8542510121457,21.802909714976295,0.4493927125506073,741,1,0.6506279263470286,-1.7789578585869255
67,7810.581646423751,0.27934501431488934,798.889338731444,54.37168523696454,0.4493927125506073,741,3,-0.19544674309939314,0.6571152262983198
68,7530.17513368984,0.25822834960906976,1150.5254010695187,6.6966607758100665,0.45187165775401067,748,0,1.6195043026761098,-0.510904959742054
69,9437.444295302013,0.23164028942646342,1184.5355704697986,32.83504663828552,0.44966442953020136,745,0,1.6388018060980762,0.44921097634459856
70,6603.951742627346,0.2552296730955268,681.0335120643432,40.2298319590458,0.450402144772118,746,1,-0.06472753675078352,-0.36889075764119755
71,9076.670255720053,0.28530758087851593,749.4562584118439,53.3472488484287,0.4508748317631225,743,3,-0.05959651666922457,0.8356746060183743
72,4419.483816013629,0.3992419374804667,475.9863713798978,87.64741637159932,0.44293015332197616,587,3,-3.0688544692330058,1.6674448344097457
73,4576.918449197861,0.2974503030785992,495.6697860962567,48.51899192492667,0.45187165775401067,748,3,-1.340053195203752,-0.4166048165647463
74,6277.5918918918915,0.273138507334047,857.9621621621621,42.41498734651309,0.45,740,1,-0.07446890279034477,0.03699353964603445
75,6004.286096256685,0.2163439972311818,641.1684491978609,17.18800191441011,0.45187165775401067,748,1,0.6465123805999521,-1.5654732967122915
76,8989.304940374786,0.23200137102901888,928.8074957410562,30.070295786635683,0.44293015332197616,587,0,1.3952726096281483,0.021601952503006942
77,7608.963758389262,0.25796737037679107,663.786577181208,37.595752260658124,0.44966442953020136,745,1,0.1795347955482783,-0.24318937693499423
78,3718.1451612903224,0.2935405498340064,496.5483870967742,51.21527924730584,0.45161290322580644,744,3,-1.5483816512182607,-0.5327537194071511
79,5460.48717948718,0.28216238443801217,560.0877192982456,52.29849357060593,0.4493927125506073,741,3,-0.987669824789988,-0.1538869786679483
80,7597.78465679677,0.23432840304323116,577.192462987887,27.530088447126705,0.4508748317631225,743,1,0.48526609195103654,-0.8784589550443686
81,6948.346416382253,0.18931309596094179,560.4163822525597,8.98628324311772,0.44197952218430037,586,1,1.3730205710499395,-1.8464694544163553
82,9022.655450874832,0.31129571703160214,840.1991924629879,61.44877632790055,0.4508748317631225,743,3,-0.3663705372839519,1.4128496998659381
83,3898.814266487214,0.22811466620824042,347.20188425302825,37.38603386319224,0.4508748317631225,743,1,-0.8104652076972824,-1.6698699170494218
84,12952.127860026918,0.22913355817936273,1397.0538358008075,36.3989312125065,0.4508748317631225,743,0,2.5651542800003257,1.4773771848549528
85,7266.724444444444,0.31292784899220644,1016.3144444444445,6.1416776121868075,0.38333333333333336,900,2,2.4062168139338462,0.5839199884950025
86,4709.857142857143,0.2915064965581534,608.0175202156335,54.35778355457514,0.4501347708894879,742,3,-1.2197716825046891,-0.09916202056561367
87,5868.39705882353,0.2808935352789795,737.7794117647059,47.61330590116222,0.45187165775401067,748,1,-0.5699364288704062,-0.010593044959896339
88,6022.883064516129,0.4107061161582795,614.2862903225806,85.81349139128491,0.45161290322580644,744,3,-2.7734810111553956,2.101846898749107
89,5958.15699658703,0.21360280733904466,624.0699658703072,33.00840669544961,0.44197952218430037,586,1,0.43152518947072716,-1.0399419389712397
90,8421.927223719676,0.24071277858182463,1059.9582210242588,33.37102855892303,0.45148247978436656,742,0,1.1252171920003926,0.15724341466349967
91,5601.974393530997,0.29703548810279196,621.4272237196766,36.669432452499684,0.4501347708894879,742,1,-0.598597255419254,-0.3729986180413726
92,5983.539703903096,0.30739133818413367,547.3391655450874,52.61916399789646,0.4508748317631225,743,3,-1.1450108188039019,0.14161220614351902
93,5976.173620457605,0.3269217880596877,605.9798115746971,60.953291848615024,0.4508748317631225,743,3,-1.4412870914598281,0.6335677604028296
94,7112.057873485868,0.28108287889318806,640.9838492597578,52.121307788251805,0.4508748317631225,743,3,-0.5511984133522967,0.2391253911633714
95,7676.509408602151,0.31882880734244345,848.1801075268817,59.005076687525296,0.4529569892473118,744,3,-0.6735039582952479,1.1360851335539344
96,5175.314516129032,0.437559208788267,543.6868279569892,94.15140625694804,0.4529569892473118,744,3,-3.5155758870628433,2.3041086343398236
97,6695.700268817204,0.30034039116857075,690.5174731182796,55.40063038536004,0.4529569892473118,744,3,-0.8541468444653894,0.46570745126720625
98,5085.535666218035,0.2539326217590093,451.185733512786,34.81570025195621,0.4508748317631225,743,1,-0.5621462656920522,-1.1475258139844418
99,5099.904436860068,0.2644905114838725,464.32423208191125,34.06527240051796,0.44197952218430037,586,1,-0.41695328325082437,-0.9434589620769832
100,7949.368421052632,0.21223491929754715,686.6508771929824,16.304994389273237,0.43859649122807015,570,1,1.4515605107027472,-1.0261942875570065
101,7455.632352941177,0.2224551728898867,778.7112299465241,31.801535085961767,0.45187165775401067,748,1,0.7075360390444327,-0.623531844195286
102,7069.171428571429,0.33501309905588816,1054.2190476190476,57.1961324803814,0.4489795918367347,735,3,-0.5040513189131144,1.4424471844320184
103,4688.973109243698,0.26247112762666663,421.90420168067226,26.577351255249592,0.4470588235294118,595,1,-0.45753914135228385,-1.3782623583574023
104,10108.7192513369,0.14047795987606346,1312.5655080213903,7.157824561612218,0.45187165775401067,748,0,3.331916386832849,-0.8210094278407214
105,4406.728412256268,0.3927215150525863,512.4359331476323,50.09466452977338,0.44986072423398327,718,3,-2.129068009548651,0.48447303901223876
106,8654.568335588634,0.24047204248482063,826.0514208389716,33.52014325264516,0.4546684709066306,739,1,0.7690204650138709,-0.15634720323019918
107,7319.522727272727,0.17345993728064923,954.9451871657755,19.553671469767107,0.45187165775401067,748,1,1.6534420819970013,-1.194323276617731
108,10956.790102389079,0.21256106772473465,846.1808873720137,15.896629680719117,0.44197952218430037,586,0,2.2326639415733327,-0.28470017379907253
109,6460.25,0.2291615366144161,743.1270053475936,30.748820979376024,0.45187165775401067,748,1,0.42504443497141847,-0.8337571967801697
110,4522.350267379679,0.27133685472336366,586.7379679144385,30.883373140619312,0.45187165775401067,748,1,-0.544883243797555,-1.0424470697936492
111,6768.391946308725,0.2509963181485742,598.6657718120805,37.04213359991891,0.44966442953020136,745,1,-0.01449091788673054,-0.5703894224510586
112,6219.580213903743,0.1451096948908917,777.062834224599,9.945414597199303,0.45187165775401067,748,1,1.6576828457162365,-2.175646401812451
113,7284.1928327645055,0.234922062894165,706.1313993174061,17.782568530316624,0.44197952218430037,586,1,1.0459955876117792,-0.9265240750026417
114,5354.43449197861,0.23562100439774922,610.7085561497327,33.20629109230192,0.4532085561497326,748,1,-0.1370178044941161,-1.1151342587303377
115,7322.290102389078,0.23035487908731272,550.2883959044368,11.352059509049475,0.44197952218430037,586,1,1.0374289242087358,-1.3587079229669363
116,7306.585006693441,0.19588783916924143,760.2115127175368,30.787681513207925,0.4524765729585007,747,1,0.8815949355026805,-0.9484404147657722
117,3894.7537012113057,0.28160452745961934,494.5921938088829,49.92109029021978,0.4508748317631225,743,3,-1.3674890332829042,-0.6350220976236178
118,7751.951742627346,0.2950959859823281,674.5978552278821,42.86515748769623,0.4517426273458445,746,1,-0.26218815090448694,0.2523930581397468
119,6009.493315508022,0.23220802498559842,666.5441176470588,37.42311019949182,0.45187165775401067,748,1,0.02311153591553416,-0.8048858768680955
120,7107.11677852349,0.2418562558497959,638.7288590604027,41.57540666585478,0.44966442953020136,745,1,0.06813443345501816,-0.4003359774247622
121,4469.987903225807,0.31002118258532557,506.9986559139785,53.480964832171615,0.4529569892473118,744,3,-1.6021009594979132,-0.18092849926019658
122,6379.729537366548,0.3456222846820401,784.6963226571768,33.37865976144451,0.40213523131672596,843,2,0.5092582561720862,0.936410356177444
123,8412.648907103825,0.3879514348971126,961.4699453551913,67.58666174882525,0.4521857923497268,732,3,-1.1349081416988807,2.2989082416932995
124,4424.652759084792,0.28679300744109154,526.6406460296097,35.97239037923372,0.4508748317631225,743,1,-0.8894225762053175,-0.8474465796508309
125,11826.707219251337,0.23022536215599987,1575.7179144385027,35.642678702740035,0.45187165775401067,748,0,2.5786587879526133,1.482061144911246
126,6565.939434724091,0.47104843181687356,546.8654104979812,46.80306398799334,0.4508748317631225,743,3,-2.2127825369306056,1.5266829626151415
127,5228.497444633731,0.28689036074551333,659.8296422487223,48.538796960126355,0.44293015332197616,587,1,-0.6948028102026099,-0.04738209741450522
128,7405.059060402685,0.28874195116976414,591.7785234899329,35.31273724456414,0.44966442953020136,745,1,-0.15708690578440965,-0.17544187251547147
129,9263.31399317406,0.21833635304338236,1170.4180887372013,33.31553140182542,0.44197952218430037,586,0,1.8434722981694946,0.38997256162297206
130,5114.89932885906,0.1875984106525475,574.2711409395973,27.729627267100078,0.44966442953020136,745,1,0.37422733191151675,-1.7478042430352707
131,5288.815612382235,0.24780148706347782,561.2987886944818,34.8771315673794,0.4508748317631225,743,1,-0.31464343642120896,-1.0102467995973268
132,6205.9726962457335,0.25165185947658403,578.2150170648464,28.053663550105508,0.44197952218430037,586,1,0.2355739968951367,-0.8632051387166505
133,6501.222520107239,0.33469119351528814,764.7426273458445,61.69656330679323,0.45308310991957107,746,3,-1.2371115671801427,1.0133597519565924
134,4735.497326203208,0.20754774221095315,495.668449197861,30.55184357567166,0.45187165775401067,748,1,-0.10039448923186924,-1.6982223970383825
135,5939.809395973154,0.2299017222350905,539.6496644295302,26.792284693345458,0.44966442953020136,745,1,0.17262306654406462,-1.2917700320638537
136,5480.96928327645,0.3294900928268637,424.2320819112628,50.47632358863303,0.44197952218430037,586,3,-1.3583969624109555,0.12190321991892665
137,8303.81228668942,0.20673514027166137,958.8515358361775,29.48396580913139,0.44197952218430037,586,1,1.539852310715573,-0.2959655646747665
138,7318.735215053764,0.37390516215462627,715.0040322580645,68.82303762801413,0.4529569892473118,744,3,-1.64539240807674,1.6547835912679243
139,6464.3105802047785,0.25872590960735425,514.0802047781569,46.565663323448106,0.44197952218430037,586,1,-0.3464799484928621,-0.30405245283885596
140,7466.614765100671,0.21743058006756905,964.3261744966443,32.96381382912385,0.44966442953020136,745,1,1.0325857114952732,-0.3502997947480505
141,5541.016194331984,0.2645732221288317,611.6261808367071,45.59086563870416,0.4493927125506073,741,1,-0.5776404454334383,-0.41693241067953196
142,4617.240915208614,0.23173767270153767,571.5383580080754,33.5092541530472,0.4508748317631225,743,1,-0.2706076648749645,-1.305705276643549
143,6314.497981157469,0.2940381994388104,583.0,52.10279812891312,0.4508748317631225,743,3,-0.9033090102922671,0.12102724171347581
144,7732.974533106961,0.2489203080912732,729.6146010186757,29.631464519029638,0.4397283531409168,589,1,0.7944105677678267,-0.3143331186090916
145,8369.13111888112,0.24788214372828266,1277.0192307692307,42.70293781307725,0.44405594405594406,572,0,1.279536648121451,0.8707066709841829
146,7800.336473755047,0.2612388167258144,703.3822341857335,41.1790457420232,0.4508748317631225,743,1,0.1287019199376295,-0.03523058881621239
147,8220.14401076716,0.24339227763227458,883.135935397039,32.62389969431306,0.4508748317631225,743,1,0.8420203576292042,-0.11364993642237639
148,8632.298128342247,0.18241986486287878,820.4532085561498,26.991168954625522,0.45187165775401067,748,1,1.4626172813174363,-0.8335320996143479
149,5567.684300341297,0.2672134132985758,485.6211604095563,49.441849734795944,0.44197952218430037,586,1,-0.7161690494695226,-0.35636488477002204
150,8396.846256684492,0.25663856246524824,820.4745989304813,34.90498096407276,0.45187165775401067,748,1,0.5992994793850638,0.00451891560725088
151,6738.534946236559,0.276793003139035,651.4959677419355,44.54585864822222,0.45161290322580644,744,1,-0.39483748080679093,-0.0839839727112091
152,5548.565275908479,0.3365383853939756,623.6823687752355,72.099350220315,0.4508748317631225,743,3,-1.8749538573731006,0.9831021685783478
153,7121.005383580081,0.3673829292877599,638.921938088829,83.30672055512981,0.4508748317631225,743,3,-2.076698127098596,1.9003354037081892
154,8727.241610738254,0.2641208095125548,737.7973154362417,36.38185622854074,0.44966442953020136,745,1,0.4963480564825831,0.09093472861806846
155,6902.531516183986,0.23391097805280797,661.7308347529813,32.3100909092184,0.44293015332197616,587,1,0.5110430598679458,-0.6610881811409921
156,6981.293565683646,0.405307103506146,715.2640750670241,87.34985901324868,0.45308310991957107,746,3,-2.460054136324336,2.4015070098539657
157,9719.814266487214,0.2501960451953486,992.8950201884253,43.32796115174672,0.4508748317631225,743,0,0.9702041255987521,0.6925765890001666
158,8147.383580080754,0.20296033236748906,520.7012113055182,13.335658423240815,0.4508748317631225,743,1,1.1465931782291896,-1.537634709762171
159,7752.195911413969,0.2710164613456188,696.8040885860306,49.34030230676384,0.44293015332197616,587,1,-0.014830119987254396,0.3687130249547874
160,5737.055033557047,0.24769265626100995,559.9718120805369,40.851709767753746,0.44966442953020136,745,1,-0.3544516003758898,-0.7394003518508232
161,7254.025572005384,0.1942738496802848,821.4212651413189,25.62022806085269,0.4508748317631225,743,1,1.14120526086108,-1.0181740080743775
162,7762.765100671141,0.2785359333372147,555.9261744966443,44.10424794274676,0.44966442953020136,745,1,-0.28192779558156755,0.008054954230857624
163,7334.921122994652,0.2086822012985658,874.8168449197861,20.894019021461474,0.45187165775401067,748,1,1.2188111966206192,-0.9518222175648099
164,6188.2691652470185,0.31971378886009116,633.5468483816013,62.858529757549505,0.44293015332197616,587,3,-1.179498357775218,0.8033770081794271
165,4002.4163822525597,0.23406705857341054,423.4778156996587,42.01436109714383,0.44197952218430037,586,1,-0.6602376166723403,-1.2474289172322461
166,5833.663526244953,0.2642994244702104,819.3324360699866,25.501333025879607,0.4508748317631225,743,1,0.27657398078048645,-0.6786282511300588
167,9294.581989247312,0.3479667747114709,1056.6532258064517,67.14933725298415,0.45161290322580644,744,3,-0.4669614129813845,2.2398186235124067
168,7507.565452091768,0.30490833263575096,731.0539811066127,56.7116139627296,0.4493927125506073,741,3,-0.6251041967185639,0.7993553341373683
169,7289.342465753424,0.27024584015848585,695.8493150684932,28.53096946587917,0.44931506849315067,730,1,0.3044670324365559,-0.40983038828406465
170,5053.137281292059,0.26163298587474004,548.293405114401,41.712641919611826,0.4508748317631225,743,1,-0.6741336513653627,-0.7535362186737129
171,8453.489905787348,0.2990017008300612,871.7160161507402,56.99984387382302,0.4508748317631225,743,3,-0.2209463319830626,1.1102323215106875
172,6980.88566552901,0.19211234329194662,870.19795221843,15.828176004571926,0.44197952218430037,586,1,1.6195231922055278,-1.1937944868064814
173,8241.034759358288,0.2305195869799789,1009.4786096256685,41.7771664049063,0.45187165775401067,748,1,0.8705627499210933,0.2018753446244529
174,5921.517064846416,0.17486598730009772,478.7184300341297,14.167305808170816,0.44197952218430037,586,1,1.0278084279236952,-2.13205050603928
175,5766.810160427807,0.2121226377517924,690.5855614973262,27.770795115332884,0.45187165775401067,748,1,0.42518929742887074,-1.274464001015681
176,5294.951547779273,0.33915830479000186,635.0699865410498,62.6469892469965,0.4508748317631225,743,3,-1.6842404080096476,0.7000378042542619
177,4009.0026881720432,0.35797229687788834,486.9287634408602,68.83450930663541,0.45161290322580644,744,3,-2.491901076844145,0.5870014663420507
178,10096.22177419355,0.2937315137048363,926.3951612903226,55.76573416149087,0.4529569892473118,744,0,0.22547712359692892,1.3906248289178964
179,7299.480484522207,0.2850298998874759,957.7429340511441,42.78973291661583,0.4508748317631225,743,1,0.15199517286351832,0.47346451036863385
180,7218.002673796792,0.21540408565262978,845.1430481283422,30.040213363632468,0.45187165775401067,748,1,0.8574775125226914,-0.6910947626426361
181,6397.931856899489,0.3481962886669913,671.3339011925043,73.89050633235708,0.44293015332197616,587,3,-1.6050088700977747,1.4651709999491882
182,5293.04966442953,0.26185752271220103,417.54093959731546,33.6231991046236,0.44966442953020136,745,1,-0.5752441209113189,-1.103305355311969
183,4753.360344827586,0.3311049618662795,595.9551724137931,42.122316469696486,0.4396551724137931,580,3,-1.0070379335485842,0.019857867880194315
184,6605.071524966262,0.2536065668466119,598.1916329284751,41.449216973845694,0.4507422402159244,741,1,-0.20873759069988396,-0.46538988874186965
185,7203.264705882353,0.2603969331714916,548.0508021390374,43.392148187028766,0.45187165775401067,748,1,-0.2881512117648251,-0.31789671592925556
186,3771.4641638225257,0.244337700916379,381.41638225255974,40.92118350754343,0.44197952218430037,586,1,-0.8230851045655602,-1.2901997043173703
187,6280.919786096257,0.2732315854125383,777.8021390374331,41.1020568043087,0.45187165775401067,748,1,-0.19455363446463864,-0.13277735924105022
188,4960.274562584118,0.29624956093037175,436.4158815612382,50.19803034958428,0.4508748317631225,743,3,-1.3588168403634553,-0.37394023617940464
189,8782.592193808883,0.22237271992431387,839.8250336473754,36.65046965056479,0.4508748317631225,743,1,0.962083670779599,-0.13431701451810701
190,7158.133105802048,0.21019926152598523,653.7474402730376,33.18358958738714,0.44197952218430037,586,1,0.743597240311479,-0.7949633023860226
191,6834.791808873721,0.1830059518827676,714.2593856655291,13.01591927342495,0.44197952218430037,586,1,1.5152125969780132,-1.5967079826703647
192,8764.139931740614,0.3666777812966347,631.4368600682594,17.269010226617056,0.44197952218430037,586,1,0.17856066650174934,0.4005787880683307
193,5363.545209176788,0.3201916246654018,782.9055330634278,60.028392853374456,0.4493927125506073,741,3,-1.203507072270378,0.6912398828377425
194,4817.627530364372,0.2182679046808534,417.442645074224,24.578733635283687,0.4493927125506073,741,1,-0.07321577699484438,-1.8365825348488174
195,10721.829071332437,0.23309516419430293,1303.7685060565275,33.62476178228433,0.4508748317631225,743,0,2.0142913510062024,0.878242621311983
196,5216.179624664879,0.2724524234515978,698.4731903485255,44.343334581238025,0.45308310991957107,746,1,-0.6310359155443274,-0.3732121332259648
197,6852.604278074867,0.2579503864881343,844.942513368984,45.02527241816496,0.45187165775401067,748,1,0.04083168876384247,0.04708005479115887
198,2907.2761394101876,0.5529131873012763,339.4182305630027,146.2064835256769,0.45308310991957107,746,3,-6.585356996261947,4.111361539876853
199,7938.567967698519,0.26452175788809573,624.3472409152087,38.98324791783226,0.4508748317631225,743,1,0.0750070801509165,-0.15153124363789208
200,7737.868102288022,0.18923185077526708,971.2987886944818,25.671777460046947,0.4508748317631225,743,1,1.4944412284013544,-0.7635464518236592
201,5238.878869448183,0.2466447465096211,444.1884253028264,26.4159033146516,0.4508748317631225,743,1,-0.2606312425830641,-1.434891470310149
202,6043.018791946309,0.22739238018999705,508.1543624161074,26.807834555232517,0.44966442953020136,745,1,0.16898658130868208,-1.3368228266983302
203,6768.272117962467,0.27123366708034247,883.1340482573727,33.48359359411428,0.450402144772118,746,1,0.3035462680951124,-0.11486617621697955
204,5467.390784982935,0.19073391073853263,524.0938566552901,28.20071493037063,0.44197952218430037,586,1,0.5012915237843201,-1.611128706127288
205,6540.588235294118,0.2546226300100531,881.346256684492,47.38231446115579,0.45187165775401067,748,1,-0.005886403542332932,0.07609378329062699
206,7137.85464333782,0.2984597213032658,800.8452220726783,47.74852211964721,0.4508748317631225,743,3,-0.3451751231736419,0.48959192895547005
207,11181.0307486631,0.2913507584752221,1302.9318181818182,52.9467558378568,0.45187165775401067,748,0,1.1024405389432241,2.024427343437646
208,2927.5601604278077,0.24592324012313294,413.35561497326205,25.996663990270623,0.45187165775401067,748,1,-0.7837520971524875,-1.9497772325318323
209,5556.357142857143,0.33765144517336054,575.1011904761905,44.32247480557015,0.4035714285714286,840,2,-0.21164190230918462,0.7202826809117656
210,3202.600269179004,0.26605786206288146,327.32974427994617,45.10360606954515,0.4508748317631225,743,1,-1.4948020852916453,-1.2725205794459302
211,12948.451871657753,0.24414860916929582,1484.649732620321,43.54833303465288,0.45187165775401067,748,0,2.3576899316166764,1.923065007869345
212,4785.219251336898,0.2633221798788982,462.6483957219251,41.403752358768266,0.45187165775401067,748,1,-0.8784538672278452,-0.9285354647773162
213,8116.0659488559895,0.26834020498487915,653.2180349932705,42.4981910346765,0.4508748317631225,743,1,0.029212063511854312,0.05717967828407014
214,9337.516823687753,0.24665948662763407,718.0161507402422,28.69791143498748,0.4508748317631225,743,1,0.9120510555040732,-0.21082959698965772
215,6312.810256410256,0.28723852928850213,490.8854700854701,49.49925951838819,0.4427350427350427,585,1,-0.7371582524471396,-0.03811312477455803
216,7252.089189189189,0.26004413172174484,892.3337837837838,41.84878134232441,0.45,740,1,0.29675148035941984,0.13845491445011154
217,4687.57486631016,0.21167582284902345,642.5815508021391,26.30027310665028,0.45187165775401067,748,1,0.17724593088650556,-1.59284273657897
218,5034.1894197952215,0.2981812690153523,699.4180887372014,53.08694184595589,0.44197952218430037,586,3,-0.8695898515800872,0.21265545931546329
219,3137.0282637954238,0.26304223299868623,407.85464333781965,42.87743312921935,0.4508748317631225,743,1,-1.3102341248276275,-1.2657860228582998
220,4916.10945945946,0.26118747812280346,647.8878378378379,46.6965011784014,0.45,740,1,-0.6685019935749501,-0.4922374117667255
221,5799.800802139038,0.24471379436658264,551.913101604278,30.822610438445043,0.45187165775401067,748,1,-0.11277145474087331,-1.0824373507047702
222,4986.211229946524,0.29108337761057673,562.451871657754,56.285987746074326,0.45187165775401067,748,3,-1.3123235579541421,-0.07856275217459652
223,7239.462466487936,0.28807775878363223,740.3753351206434,49.83370525670885,0.45308310991957107,746,3,-0.4275915870107088,0.36722236790646007
224,6581.6734143049935,0.2661416276434704,476.48313090418355,31.591603289536753,0.4493927125506073,741,1,-0.20239634784465674,-0.793951966938686
225,5183.981233243968,0.2830786038905937,556.7305630026809,47.00785353250217,0.45308310991957107,746,1,-0.9968558792613199,-0.402655340027413
226,7286.008053691276,0.22774848424053987,705.5127516778523,39.7565898717639,0.44966442953020136,745,1,0.3633799489082025,-0.45169062606610666
227,6016.131147540984,0.317736735558461,562.8510928961749,44.707462823007106,0.45081967213114754,732,3,-0.9920911601514336,0.03221663936672317
228,7934.78734858681,0.1958828987776957,594.1467025572006,23.007366154166405,0.4508748317631225,743,1,1.0119565839234872,-1.2605016802313127
229,8629.745625841184,0.25924665660038276,734.6029609690444,39.79169946901383,0.4508748317631225,743,1,0.3963136452078327,0.10831618600322915
230,7548.275401069519,0.2198293423590354,940.4438502673797,25.131853517397484,0.45187165775401067,748,1,1.1539114438021596,-0.6004544968266055
231,4755.1416382252555,0.2695042114399347,394.1382252559727,41.79122831718146,0.44197952218430037,586,1,-0.8316749133625904,-0.8378333249309199
232,3351.2917808219177,0.3196861838626919,302.372602739726,41.87354372471005,0.4506849315068493,730,3,-1.8499591503778852,-0.8965442184385918
233,9411.18255033557,0.1914581569165725,1032.2375838926175,30.307461150868107,0.44966442953020136,745,0,1.811140321750436,-0.19151390118478973
234,11109.2934051144,0.31672767439944904,1029.722745625841,55.895172138289816,0.4508748317631225,743,0,0.433979340197695,1.9582795112215046
235,5961.989261744967,0.32687091173880206,503.551677852349,66.09118259698774,0.44966442953020136,745,3,-1.6989167179478972,0.6540036398541237
236,7107.576203208556,0.27671430404443126,864.9304812834224,48.91271921893037,0.45187165775401067,748,1,-0.1338119599809705,0.40094688125665584
237,4531.081550802139,0.16771458605546732,575.144385026738,21.646924763691782,0.45187165775401067,748,1,0.5306760857709893,-2.2370810919121626
238,7686.928767123288,0.24815403956223908,1104.9164383561645,41.97789196581852,0.44931506849315067,730,1,0.7980893975511758,0.42003872839884315
239,5064.380888290713,0.27463417810783103,472.5222072678331,38.51094053098826,0.4508748317631225,743,1,-0.8023895001645804,-0.8330544646885388
240,4814.181818181818,0.20573970022355914,460.1283422459893,33.37873933492678,0.45187165775401067,748,1,-0.19433719319044976,-1.6660354972128557
241,6589.448183041723,0.22351008537702596,707.4266487213997,28.510594414737657,0.4508748317631225,743,1,0.5268984786869674,-0.9599079508869596
242,4094.8389261744965,0.3536147621176953,366.3020134228188,66.74198499539612,0.44966442953020136,745,3,-2.514251680223596,0.3639297565155961
243,7090.265758091993,0.2933448813345583,956.5093696763203,57.511325440597524,0.44293015332197616,587,3,-0.1771300896215956,1.0307199451525617
244,5274.671601615074,0.3183855606180042,542.1601615074024,55.016518459701246,0.4508748317631225,743,3,-1.4508568513562767,0.16529131662089683
245,8861.197315436242,0.17400237757893033,1017.3436241610739,21.850420659787122,0.44966442953020136,745,0,2.0416453127463576,-0.7153644852757965
246,7075.070855614973,0.2080706359248182,938.8248663101605,32.193068359303844,0.45187165775401067,748,1,0.9653900398688411,-0.5925917468268418
247,8599.687248322147,0.28567039560709345,686.655033557047,46.14760287728515,0.44966442953020136,745,1,-0.03541424850499677,0.46886103736899015
248,8380.068181818182,0.2722404049090826,1115.783422459893,27.929108321773928,0.45187165775401067,748,0,1.0727536605037544,0.34132119796541605
249,5280.573529411765,0.24229325311005054,538.3569518716578,29.513747712821868,0.45187165775401067,748,1,-0.18461465941812347,-1.2593846700973337
250,8451.857718120806,0.2935247457820234,658.0456375838926,50.31563233213634,0.44966442953020136,745,3,-0.2802415738980842,0.5911948876983214
251,19148.492597577388,0.1859936251890288,2456.5060565275908,22.11934840226472,0.4508748317631225,743,0,6.077828660733901,3.3182921364745206
252,10628.063257065949,0.2719709505248721,812.2059219380889,47.863075823197505,0.4508748317631225,743,0,0.6016227046312257,0.9418900267505375
253,5756.947510094213,0.3563918854162458,692.7792732166891,66.98272321390198,0.4508748317631225,743,3,-1.7617544082452676,1.1445612953079507
254,3002.2247644683716,0.27934828285582114,258.91655450874833,30.882006515814798,0.4508748317631225,743,1,-1.3692742489582486,-1.698457706995146
255,6268.294751009421,0.2383491971857225,642.0592193808883,30.3295459459942,0.4508748317631225,743,1,0.19846896272143683,-0.927348485062404
256,9916.122972972973,0.28577897231164895,1259.8878378378379,40.875556885431216,0.45,740,0,1.1835152874828097,1.3492615527182708
257,5352.911764705882,0.27302139911170165,635.355614973262,42.37982350852812,0.45187165775401067,748,1,-0.6202969060699698,-0.4699719732076223
258,5630.133105802048,0.21904074815444818,492.8976109215017,29.777222715719315,0.44197952218430037,586,1,0.2171713848165655,-1.3276323462473911
259,11596.131460674158,0.21894352704516576,2356.891011235955,7.778314980768091,0.3842696629213483,890,2,5.915276576911908,2.4530381147492033
260,6573.148395721925,0.12375145130683841,913.2299465240642,11.481828298375687,0.45187165775401067,748,1,2.059160074642759,-2.0655694106236933
261,12659.274562584118,0.38751524600541204,953.3082099596231,86.98736237788032,0.4508748317631225,743,3,-0.7517740457484865,3.6727651991212418
262,20695.975555555557,0.22593492385341904,3401.652222222222,1.9673510012194841,0.38333333333333336,900,2,9.39088431902621,5.527176191465324
263,3664.7389078498295,0.25624723091611873,353.19453924914677,7.963836307001572,0.44197952218430037,586,1,-0.11811294774938308,-2.1970848715645652
264,7264.454545454545,0.3176563809800628,959.939393939394,50.04553375722591,0.45179063360881544,726,3,-0.3290016446025686,0.955617318900978
265,4934.376850605653,0.35660956028396257,502.7537012113055,70.98926453219516,0.4508748317631225,743,3,-2.3088553685525457,0.8450608303570942
266,4404.155913978495,0.31489173012221566,533.3508064516129,50.872349900717474,0.4529569892473118,744,3,-1.5494235673578916,-0.18992851711827
267,9282.643048128342,0.28432483435389294,1125.5026737967914,12.24123403611471,0.45187165775401067,748,0,1.5846780929955897,0.18005278985554296
268,4889.776737967914,0.296567245305313,599.451871657754,55.817493257381145,0.45187165775401067,748,3,-1.3118965470951962,-0.011557359276197124
269,9425.917900403769,0.321337712440862,1242.5612382234185,57.78016613595882,0.4508748317631225,743,0,0.3049063405266233,2.023040431804495
270,9258.081550802139,0.17269085997927208,1202.8917112299466,24.11080062263037,0.45187165775401067,748,0,2.2922705840902458,-0.3595742702526017
271,7851.846774193548,0.43724842875946196,794.619623655914,96.666613444379,0.4529569892473118,744,3,-2.671100914973448,3.2289653528183706
272,6240.53288590604,0.34992496341273777,630.8671140939597,72.91010775721159,0.44966442953020136,745,3,-1.8275212440456212,1.28183476024292
273,7034.581426648721,0.2852005294368999,704.2543741588156,49.775637171144695,0.4508748317631225,743,1,-0.4489471035223952,0.2793931270413209
274,3984.5606741573033,0.33992394055605496,978.1943820224719,-7.842087576050841,0.3853932584269663,890,2,1.7796107575194837,-0.28768421328781224
275,7485.7372013651875,0.21924381521876196,754.2901023890785,32.45493087880617,0.44197952218430037,586,1,0.8995087575303911,-0.5361000073578204
276,4113.239247311828,0.30328085823872636,523.4986559139785,53.737944112759074,0.4529569892473118,744,3,-1.6033972057006398,-0.278499740539322
277,6461.331058020478,0.2526412438170988,536.5273037542662,42.07027031188003,0.44197952218430037,586,1,-0.14731631622695368,-0.45750291830492884
278,7139.54679144385,0.2522872725024004,793.8689839572193,38.398303975595034,0.45187165775401067,748,1,0.24705782239227234,-0.2095035980767714
279,8823.419080068143,0.33868336252993103,665.6388415672914,46.90287790945441,0.44293015332197616,587,3,-0.32912210563068517,1.05674639505994
280,6262.032388663968,0.21252756337303344,521.3441295546559,24.348236726364537,0.4493927125506073,741,1,0.4247807396662817,-1.4756394847903687
281,5849.631016042781,0.21807126432885085,549.8783422459893,23.640964077361886,0.45187165775401067,748,1,0.30099965521893385,-1.5181773239261378
282,4406.709893048128,0.235656744859987,641.7379679144385,43.1866586787866,0.45187165775401067,748,1,-0.5209076469362536,-0.9480724553543182
283,7070.592150170649,0.18300976030572644,717.4095563139932,21.80399272276143,0.44197952218430037,586,1,1.3375502498048555,-1.2932289996213848
284,5408.112627986348,0.2629162971476072,450.3737201365188,43.22611349451618,0.44197952218430037,586,1,-0.6010223413377269,-0.6526807538597359
285,5136.476510067114,0.22318320576008926,469.4577181208054,15.065468039506083,0.44966442953020136,745,1,0.2700701155319439,-1.9396022097936507
286,4989.0807537012115,0.41579623669311844,435.1668909825034,92.80622306932452,0.4508748317631225,743,3,-3.4508309571931544,1.9154843228147218
287,8139.112627986348,0.17499245799806756,819.5170648464164,15.948714005414189,0.44197952218430037,586,1,1.9219878834053865,-1.1892585123054022
288,5637.518771331058,0.2881293389441582,423.49658703071674,46.07508017997222,0.44197952218430037,586,1,-0.8733504279170353,-0.34101682748214385
289,6342.734228187919,0.23595900269123876,555.1073825503356,32.91762819514982,0.44966442953020136,745,1,0.06717231353230754,-0.9631357149529621
290,7018.399730820996,0.31519751804099944,685.4979811574697,59.96755649045463,0.4508748317631225,743,3,-0.991914056809805,0.8097074577222266
291,8036.561827956989,0.32916730992066295,843.2190860215054,57.7244800350193,0.4529569892473118,744,3,-0.6576479024855532,1.2522026413341174
292,5736.688502673796,0.2782206268347218,708.3114973262032,50.25291032809002,0.45187165775401067,748,1,-0.6864297364657436,-0.023337002254499292
293,6268.965194109773,0.26585000527625025,818.3962516733601,47.17122196223688,0.45113788487282463,747,1,-0.22218764179789183,0.04013500368798267
294,5745.851006711409,0.29300047268473184,765.4147651006712,53.75538332306322,0.44966442953020136,745,3,-0.768675145399142,0.31589148712065457
295,5243.9338731443995,0.24869076625637224,665.7651821862348,36.1924705242352,0.4493927125506073,741,1,-0.1848261035497039,-0.8113246114624724
296,6964.652348993289,0.271893254751348,756.1946308724832,49.83230387260245,0.44966442953020136,745,1,-0.25586747603648663,0.23669249043467783
297,6983.34278002699,0.27853908875796163,720.493927125506,52.581563272235,0.4493927125506073,741,1,-0.423696882248666,0.3328894342956687
298,8392.564846416382,0.22522102272662367,691.7013651877133,27.553427566548685,0.44197952218430037,586,1,1.0760806265493947,-0.53750140473092
299,6128.978571428572,0.34532732926323784,672.2595238095238,16.314734985881184,0.4035714285714286,840,2,0.7166311058494411,0.2205908247371155
300,7051.13672922252,0.21724050507582768,876.3900804289544,23.03822599295488,0.450402144772118,746,1,1.067904190844293,-0.8479675513554961
301,5543.807486631016,0.21209518375202766,597.9532085561498,31.461259859097098,0.45187165775401067,748,1,0.15055771823775796,-1.3374003974178241
302,3740.676510067114,0.2881629598490338,323.903355704698,34.920912861512846,0.44966442953020136,745,1,-1.2770567032083135,-1.2587028528982989
303,6183.18194254446,0.32317345622815946,674.6935704514364,50.39893950510147,0.44596443228454175,731,3,-0.8881165530428832,0.49079553950022936
304,7084.641711229947,0.25396338874313085,1058.475935828877,40.708263428187706,0.45187165775401067,748,1,0.5391998464603299,0.2237102584685482
305,5305.268456375839,0.3144804014666929,504.78657718120803,32.15235742332496,0.44966442953020136,745,1,-0.8402415558825161,-0.5602352216329929
306,4348.686006825938,0.24602030128494426,466.69453924914677,40.765523916895404,0.44197952218430037,586,1,-0.592484085586184,-1.0528564010167731
307,2707.067024128686,0.38332848622164545,308.2573726541555,79.20601400713923,0.45308310991957107,746,3,-3.5253884516485554,0.5985425888134691
308,9384.180327868853,0.28611171058527274,942.6133879781421,46.111859828075445,0.45081967213114754,732,0,0.4637193181041062,0.9573909915691124
309,6985.7375504710635,0.28995533729943496,593.0767160161507,58.0066104977914,0.4508748317631225,743,3,-0.8725411647934705,0.3977812085557028
310,8217.409356725146,0.38235861355342327,700.0549707602339,62.44306896745204,0.39649122807017545,855,2,-0.17661328631324613,2.4068799318810346
311,6624.990604026846,0.21942515926170703,788.8442953020134,37.62877531966881,0.44966442953020136,745,1,0.4705181596417886,-0.5988375830612439
312,5570.9624161073825,0.28543395441820507,539.3140939597315,53.179963666941475,0.44966442953020136,745,3,-1.0503441562948574,-0.11030590212563207
313,7077.56836461126,0.316281974690853,708.8887399463807,56.98693833440286,0.45308310991957107,746,3,-0.9242659665210644,0.7486148202539532
314,5149.808882907133,0.2845168330062498,573.6352624495289,52.80352388119153,0.4508748317631225,743,3,-1.0963447145235021,-0.17801314678056096
315,4243.651069518716,0.2757183650782393,449.629679144385,37.75010560783328,0.45187165775401067,748,1,-1.0138556735822501,-1.0462028565013346
316,9846.172274562585,0.2549174273407324,903.7079407806191,44.113057401407765,0.4508748317631225,743,0,0.8096024625293172,0.6589741123425134
317,5364.255972696245,0.22098999559837199,579.6313993174061,20.124832586094847,0.44197952218430037,586,1,0.5236621445747593,-1.521614583979162
318,7537.791666666667,0.29489132662013406,660.5188172043011,46.96604056150298,0.4529569892473118,744,1,-0.45814834917652847,0.29367388649959797
319,7806.008021390375,0.23196080038023667,847.9959893048128,30.30541692070382,0.45187165775401067,748,1,0.8398636374261484,-0.42122162876548797
320,14814.263368983957,0.23027806930869305,2064.3141711229946,30.08468374398087,0.45187165775401067,748,0,4.035112581357797,2.5614171466932416
321,5951.461021505376,0.24618936052274795,586.2459677419355,29.574498548320978,0.4529569892473118,744,1,-0.03514967788899072,-1.0432085359179477
322,5016.843163538874,0.4070101727520913,548.8109919571045,82.81177895211303,0.45308310991957107,746,3,-2.9960081649151555,1.6821277250750417
323,7350.21534320323,0.21471561458648342,620.9004037685061,24.0560281085899,0.4508748317631225,743,1,0.7484600532032841,-1.1392665871920808
324,5714.448924731183,0.4167032014876511,725.8306451612904,83.65011397552121,0.45161290322580644,744,3,-2.6699135078058585,2.185887570190111
325,6509.9192462987885,0.26651796267044386,676.8156123822342,46.74741605055935,0.4508748317631225,743,1,-0.3635359707117992,-0.11064629661874426
326,4982.864064602961,0.2514064320986518,417.87752355316286,23.084252564861565,0.4508748317631225,743,1,-0.3023320806965942,-1.5741719979357212
327,7725.987870619946,0.25740919776600124,931.3544474393531,34.68829208906292,0.4528301886792453,742,1,0.5986881297412093,0.016542710726060707
328,4435.563930013459,0.27139230125687713,522.3162853297442,46.25624087537002,0.4508748317631225,743,1,-1.0371210085919969,-0.6897110000293009
329,6925.616419919246,0.29496473713249033,622.6393001345895,55.712949584815455,0.4508748317631225,743,3,-0.8235070334397288,0.4045960373914281
330,4178.726783310902,0.25080806540124967,450.1076716016151,31.415658282914016,0.4508748317631225,743,1,-0.6351536421172048,-1.4481212008936726
331,6187.310901749664,0.2782432582668104,825.3606998654105,45.267244963102584,0.4508748317631225,743,1,-0.2748605612515439,0.09157065245708823
332,3737.690860215054,0.3437639637785859,503.34274193548384,58.6126223254271,0.45161290322580644,744,3,-2.139743827174969,0.1368508437504344
333,9758.958556149733,0.20523714687680902,1268.350267379679,35.652782187046554,0.45187165775401067,748,0,1.9194351668023393,0.44630422011311843
334,5447.970390309556,0.22162027474786264,565.4010767160162,32.49890386392355,0.4508748317631225,743,1,0.0005478131463610427,-1.2737569469747907
335,13310.952222222222,0.35718038973195454,2392.2833333333333,76.27296975416732,0.38333333333333336,900,2,3.409773768314962,6.039732774933308
336,13929.005376344086,0.23507835086708698,1965.0510752688172,43.220087574084545,0.4489247311827957,744,0,3.390716199404696,2.7155753726894125
337,5029.939597315436,0.23091523628953534,383.0255033557047,15.787009568354588,0.44966442953020136,745,1,0.042599159886979814,-1.989236698645324
338,7237.810738255033,0.2463760622086861,627.3006711409396,43.51146803710546,0.44966442953020136,745,1,-0.009118925025017712,-0.2951881868256152
339,5124.072222222222,0.24239867308961424,679.0361111111112,28.961249571069107,0.4513888888888889,720,1,0.008023231023108408,-1.1057206302438634
340,6469.9812834224595,0.2610856459096161,716.1323529411765,44.068514594093756,0.45187165775401067,748,1,-0.22218930781488952,-0.2023508756002606
341,5508.63930013459,0.23544172520249484,751.5720053835801,37.99948941437137,0.4508748317631225,743,1,0.021357292096859194,-0.7265050456414903
342,11078.36923076923,0.18646550935235312,850.7555555555556,23.85577977258461,0.441025641025641,585,0,2.289304529134258,-0.24311310536882924
343,7181.14535666218,0.2802782530844852,703.0901749663526,46.38241565903951,0.4508748317631225,743,1,-0.2912046513842471,0.16431475501383738
344,8432.125668449198,0.29976424847771543,1135.961229946524,57.29740212764671,0.45187165775401067,748,3,0.11652560849140478,1.470578273524988
345,4572.445392491468,0.2553678935647421,495.5733788395904,46.3414386920862,0.44197952218430037,586,1,-0.7280844044097272,-0.7269713070265419
346,6798.013458950202,0.23981638630883487,619.2759084791386,32.98237918839875,0.4508748317631225,743,1,0.1931333605882497,-0.7676786953062388
347,4778.863697705803,0.23174124361777285,385.42375168690955,15.955834734743156,0.4493927125506073,741,1,-0.010921774126691937,-2.018349062079975
348,8784.17825311943,0.26830265283265986,734.1247771836007,21.874498222261433,0.44385026737967914,561,1,0.9734978512771404,-0.2125924401617472
349,8135.153614457831,0.18361345644162724,829.0647590361446,11.526458889507088,0.45180722891566266,664,1,1.7701367582957168,-1.3525183941786783
350,7010.269798657718,0.2551017925126715,530.0093959731544,36.86747862023172,0.44966442953020136,745,1,-0.09183936977452166,-0.5869958368090131
351,6044.845222072679,0.2588425579694414,520.2799461641991,41.88246205254936,0.4508748317631225,743,1,-0.49206828728436336,-0.6220622102264968
352,6689.538770053476,0.21094054443115048,637.6016042780749,21.149582111041763,0.45187165775401067,748,1,0.7224433504056508,-1.3725078405872653
353,5592.107986501687,0.2563755157900609,1435.185601799775,4.522707166204711,0.38357705286839144,889,2,3.1603030554500835,0.28883666482846604
354,8393.034993270525,0.24129843488613278,707.3028263795424,33.217945266841426,0.4508748317631225,743,1,0.6280697715143487,-0.3225437489412499
355,9143.804812834225,0.245448261228043,1102.697860962567,33.96414122672621,0.45187165775401067,748,0,1.2718529975168178,0.40766858470636363
356,5681.804318488529,0.22591230926254063,434.361673414305,15.672752883745458,0.4493927125506073,741,1,0.29951157194725014,-1.8383973735530497
357,7783.642076502732,0.3083616310457037,1017.3524590163935,45.90116182396349,0.453551912568306,732,3,0.006720225455048958,0.9094827502258106
358,10331.899057873487,0.2526657769217304,1127.6406460296098,39.78059206001427,0.4508748317631225,743,0,1.3611225450386442,0.9131629379863624
359,6860.745625841184,0.19880351144288191,613.3405114401077,17.91588307820447,0.4508748317631225,743,1,0.9284464549636351,-1.5609241574589197
360,6937.931818181818,0.2540157935954594,757.9679144385027,45.27495359098489,0.45187165775401067,748,1,-0.040155144080748384,-0.08311387870436536
361,6268.200268817204,0.2689389500358344,639.4852150537635,42.05980998573284,0.45161290322580644,744,1,-0.3790840804882304,-0.33140234901370086
362,9373.14899328859,0.22460664182004633,1150.4523489932885,31.3907999453233,0.44966442953020136,745,0,1.6723919309159483,0.28652351249390523
363,7120.942513368984,0.20251767300359533,936.7473262032086,30.957006150496603,0.45187165775401067,748,1,1.0497164818493885,-0.6713536098832329
364,4517.3074829931975,0.3226887064622278,563.4612244897959,39.76809442072594,0.45034013605442175,735,3,-1.1997322771518377,-0.3464695723005036
365,5426.97264957265,0.2518025308867356,588.1179487179487,37.117102074515536,0.4427350427350427,585,1,-0.16544723413171827,-0.7446520712872187
366,6207.462365591397,0.3570308256349377,602.6814516129032,63.73154932429909,0.45161290322580644,744,3,-1.733561831038369,1.0096835085572862
367,5243.120320855615,0.28609269290777545,542.7633689839572,49.66709520017807,0.45187165775401067,748,3,-1.073176977671974,-0.29177040793034553
368,9667.161943319838,0.32451926540906006,712.8650472334683,62.54766055685182,0.4493927125506073,741,3,-0.5211315657589668,1.5287211566701164
369,6871.597315436242,0.2158077957936123,578.393288590604,21.28747530576228,0.44966442953020136,745,1,0.6790579641623559,-1.3440791285350506
370,7636.293405114401,0.23957389282530847,636.9515477792733,36.865886062886894,0.4508748317631225,743,1,0.29063068496451067,-0.47316413375306005
371,6900.276510067114,0.2737883696692154,545.813422818792,44.74268955318302,0.44966442953020136,745,1,-0.451398425950601,-0.1939843534412199
372,8770.300134589503,0.24832821382177783,760.9690444145357,37.929780701676414,0.4508748317631225,743,1,0.6010183654757889,0.021186010978865754
373,4524.232118758435,0.2383143262779934,316.57624831309045,20.856416642582808,0.4493927125506073,741,1,-0.3438587729439054,-1.9616090241009865
374,7006.340909090909,0.2555855878445506,831.1042780748663,44.16211810805756,0.45187165775401067,748,1,0.09464864168852721,0.011717586520472612
375,9164.147849462366,0.3982126309844946,759.6559139784946,81.74737503123094,0.45161290322580644,744,3,-1.7118960098152338,2.673368956989257
376,8478.834688346884,0.2760934737395056,954.1964769647697,48.25460089758381,0.45257452574525747,738,1,0.28256340239646793,0.7517984600489106
377,7791.550802139038,0.27477032895835113,969.144385026738,36.8672770956844,0.45187165775401067,748,1,0.48735381645335846,0.30888686935604964
378,6300.119784656797,0.2904496143186785,968.2543741588156,26.10786409764029,0.4508748317631225,743,1,0.35505255875408764,-0.1376366414697342
379,3893.8810160427806,0.25774278893388075,467.75267379679144,45.493320559553446,0.45187165775401067,748,1,-1.1158602225316219,-1.0228163308313032
380,14480.107671601616,0.23709500045945256,1386.0417227456257,38.35870367477056,0.4508748317631225,743,0,2.74668039053788,1.881117562833264
381,9004.052419354839,0.27764659518308876,967.8172043010753,46.187892689147134,0.45161290322580644,744,0,0.4719477085465422,0.8368447280659029
382,7995.01747311828,0.3090607731016938,652.3360215053764,55.804900591434816,0.45161290322580644,744,3,-0.6950311354492884,0.7672061104602118
383,17311.84005376344,0.1617291748147696,2210.4368279569894,21.86370536208345,0.4489247311827957,744,0,5.5963191384283695,2.4338324430465823
384,8856.734584450402,0.33589318841536103,998.6970509383378,52.34481738877596,0.45308310991957107,746,3,-0.18385300862858336,1.5238809269812208
385,7358.883959044369,0.2789520421804008,656.2064846416382,46.99650137690857,0.44197952218430037,586,1,-0.1366873571350558,0.25214720179361255
386,8076.234185733513,0.30853736351205063,649.4979811574697,46.16247135718655,0.4508748317631225,743,3,-0.4093669787995229,0.5047414161679878
387,9365.65205479452,0.29953137099967797,1200.7630136986302,51.325853591570706,0.44931506849315067,730,0,0.6139941659852742,1.5951330729525974
388,10275.843876177658,0.2451772079841449,1101.013458950202,43.899413846187564,0.4508748317631225,743,0,1.2648237013831842,0.9190809891777498
389,10304.258021390375,0.22501552748237386,1265.2540106951872,37.782872928425014,0.45187165775401067,748,0,1.8092674776433535,0.7821892238843667
390,11558.424731182795,0.23207619590217676,1069.2043010752689,39.608156986075194,0.4543010752688172,744,0,1.629363729605142,0.8379525818321089
391,5742.601092896175,0.3463767351585375,694.2732240437158,60.061399698199345,0.4521857923497268,732,3,-1.5270577785054473,0.8389768030382763
392,7295.372812920592,0.3170807369937948,720.8304172274562,59.17739631207121,0.4508748317631225,743,3,-0.8792727169923162,0.9047449199033827
393,5901.760430686407,0.2607560539427889,588.5087483176312,36.699652773137295,0.4508748317631225,743,1,-0.3037428183576588,-0.6889999782426771
394,8335.676510067115,0.23864041027284838,661.2899328859061,33.01452268860355,0.44966442953020136,745,1,0.6035740144105614,-0.4105530393814771
395,3996.4804845222075,0.25641915135648186,522.0672947510094,38.9919734537577,0.4508748317631225,743,1,-0.8145421832563929,-1.1159581007998052
396,10220.737903225807,0.3390724559042931,1080.782258064516,56.104779102832644,0.45161290322580644,744,3,0.12023885888025852,2.0521020764790574
397,5562.187079407806,0.3050456293051576,751.5693135935397,51.85350442266699,0.4508748317631225,743,3,-0.9007174141188764,0.2977986615548431
398,5493.442513368984,0.2716397656558294,615.5080213903743,40.57581320570694,0.45187165775401067,748,1,-0.5611330227567756,-0.5346176730865048
399,5535.168941979522,0.22323900088878035,564.8686006825939,33.52250047641922,0.44197952218430037,586,1,0.16779477050726635,-1.1019899097166894
400,8755.947721179624,0.319654853229934,1202.9624664879357,60.45355663689585,0.45308310991957107,746,3,0.00719762588042089,1.8754839869193938
401,7012.086021505376,0.3639317261138408,647.5591397849462,63.353773614072885,0.4529569892473118,744,3,-1.5795468370602022,1.257843981453941
402,5857.645161290323,0.27729003221300874,616.6989247311828,25.737499893243594,0.45161290322580644,744,1,-0.136054631287492,-0.8393290054858793
403,7464.892328398385,0.2448762486997696,738.1776581426649,41.47792251437647,0.4508748317631225,743,1,0.2355434205145146,-0.18729692089324892
404,4766.3513139695715,0.3020459142989905,570.83540802213,47.61871307725808,0.4467496542185339,723,3,-1.0983165559866919,-0.19857921411149584
405,4525.00403768506,0.3671290289903978,489.5706594885599,78.9281563034663,0.4508748317631225,743,3,-2.7061155508647716,1.071043730002655
406,6052.565275908479,0.2845903057611715,471.02153432032304,28.222945687451478,0.4508748317631225,743,1,-0.4131492513559525,-0.8559618474266552
407,3862.1194539249145,0.23916240033869582,313.1006825938567,29.95694266655934,0.44197952218430037,586,1,-0.5719890408358177,-1.7289859260815093
408,4710.9932523616735,0.23175684425352885,464.7921727395412,35.36330639279424,0.4493927125506073,741,1,-0.42084499138322295,-1.361456902142372
409,5489.704697986577,0.22224471269278265,542.2375838926174,34.51383042292023,0.44966442953020136,745,1,-0.056038879475460816,-1.2184893527413083
410,6452.671601615074,0.30401537158873937,805.4549125168237,58.21128990232607,0.4508748317631225,743,3,-0.7992736115840255,0.7164375991210311
411,9114.94765100671,0.25417279148964944,700.5986577181208,37.57417465414192,0.44966442953020136,745,1,0.5730012471161852,0.06089195021998596
412,9074.916382252559,0.23599547141637453,643.1774744027304,9.254236278734924,0.44197952218430037,586,1,1.5388601051252284,-0.9076080862117427
413,7054.726962457338,0.2381578256041277,889.6279863481228,38.93133101333786,0.44197952218430037,586,1,0.6794959450269399,-0.07927047401782378
414,6408.263087248322,0.22203413714320855,483.4724832214765,15.232113644707509,0.44966442953020136,745,1,0.5563057163056715,-1.6827123229535703
415,6225.372311827957,0.2284111343483253,521.0524193548387,25.136190937555682,0.45161290322580644,744,1,0.2187071003929082,-1.3482016273250146
416,10994.652406417112,0.21330147223457774,1400.4933155080214,31.738646406918974,0.45187165775401067,748,0,2.3985527427123152,0.8212018566185283
417,7674.024226110363,0.2688395985808391,810.442799461642,50.38878224324739,0.4508748317631225,743,1,-0.04822678541074163,0.42042368841580824
418,5281.875675675676,0.34972751505235006,552.8324324324325,68.52996525943436,0.45,740,3,-2.026451988559298,0.8592487561043993
419,5320.71256684492,0.24664680765632535,854.9344919786096,38.160426373592024,0.45187165775401067,748,1,0.013081743955743835,-0.5300766832957228
420,4504.10409556314,0.2372417253147821,400.30546075085323,22.483981718487104,0.44197952218430037,586,1,-0.1038787348710461,-1.7199461520574186
421,9559.653743315508,0.2952375070960136,1015.653743315508,6.34807098990268,0.45187165775401067,748,0,1.5500601240461584,0.008455509836010955
422,4568.3877005347595,0.19923083114354626,466.21791443850265,22.21436724047908,0.45187165775401067,748,1,0.11003972634074782,-2.0848206595477214
423,10772.468888888889,0.1994721967264012,1875.9166666666667,9.491254412316572,0.38333333333333336,900,2,5.193929628547797,1.5270530953039214
424,6909.265141318977,0.23358642344824562,772.8788694481831,24.52172028176504,0.4508748317631225,743,1,0.7082062837286455,-0.8357209432152011
425,3241.306756756757,0.27733974116725474,435.572972972973,43.848382665470254,0.45,740,1,-1.3730201051832922,-1.0428125793229492
426,5079.297442799461,0.29004864309160394,635.792732166891,55.992088000919495,0.4508748317631225,743,3,-1.151016209751885,0.034530314186647273
427,7649.575809199318,0.3093794142000129,773.3458262350937,59.83696759195863,0.44293015332197616,587,3,-0.5159659900831666,1.0954911517948882
428,6263.150170648464,0.21566731849133391,525.7201365187714,25.69699367302193,0.44197952218430037,586,1,0.5286869195367658,-1.3094515610165978
429,5324.790102389078,0.251677396185431,430.1143344709898,34.89938001571922,0.44197952218430037,586,1,-0.3366289567271451,-1.036135116279064
430,8618.918088737202,0.21647122846279607,699.4539249146758,23.30205523758494,0.44197952218430037,586,1,1.3167754687794695,-0.6836782473664018
431,9515.943472409152,0.21003879321818922,1005.4952893674293,28.67356032292181,0.4508748317631225,743,0,1.6594097330523918,-0.10678815417564701
432,10955.783422459894,0.22036259170390393,1552.1711229946525,37.22569696668112,0.45187165775401067,748,0,2.4053574905812996,1.2422441193865401
433,5349.356097560975,0.3438070022331809,614.9804878048781,56.494212267089864,0.4121951219512195,820,3,-0.7513196187581519,1.0329171962735024
434,9885.901023890785,0.20953414559846736,743.5034129692833,13.881213100143148,0.44197952218430037,586,0,1.943795941856755,-0.7148078237079346
435,3291.5410497981156,0.2731720141026652,386.0457604306864,43.91872214120636,0.4508748317631225,743,1,-1.4198494187881063,-1.1467131522815681
436,5512.604838709677,0.2788102842289408,617.991935483871,49.35204886520884,0.4529569892473118,744,1,-0.865784282234194,-0.22427874123409522
437,7371.326612903225,0.3294694371993482,728.1814516129032,16.955197095248543,0.4529569892473118,744,1,0.10862231406066883,-0.20839338013538514
438,5133.260752688172,0.33438594751436285,523.6532258064516,61.45421148624973,0.4529569892473118,744,3,-1.8506733189839895,0.4138925203304441
439,7314.923796791444,0.26888341155298606,888.9024064171123,44.83811543596083,0.45187165775401067,748,1,0.11397591016388572,0.2865469591568056
440,5144.862348178138,0.2607205923626402,588.7503373819163,44.0297168066833,0.4493927125506073,741,1,-0.6191729483414236,-0.603034688953795
441,6321.4387617765815,0.2436404077606681,700.1063257065949,29.67268800694452,0.4508748317631225,743,1,0.26618011708461914,-0.810099399388076
442,4368.963562753036,0.29329957406342244,461.04318488529015,40.324045840611305,0.4493927125506073,741,1,-1.130225361166578,-0.7460436617516463
443,5254.774193548387,0.2905314201074514,490.31720430107526,51.515627394931926,0.4529569892473118,744,3,-1.253680109370809,-0.28241457555804145
444,12210.268556005398,0.2717106602415198,1428.259109311741,4.545517261826671,0.4507422402159244,741,0,2.947422194098234,0.8343703117017359
445,8597.433783783783,0.23998696482411758,1356.0121621621622,7.874464065907177,0.45,740,0,2.290435771662778,-0.12891395560944857
446,4950.92328398385,0.33933721649131315,639.4145356662181,66.39046754622763,0.4508748317631225,743,3,-1.8483692280955557,0.7500515933684581
447,5304.806149732621,0.17503082818916732,620.057486631016,18.97799795246189,0.45187165775401067,748,1,0.7638446236431766,-2.0404370227072395
448,8493.877523553163,0.2690484153379596,744.5397039030955,45.56722073217006,0.4508748317631225,743,1,0.15085961054753783,0.349331453383982
449,11289.173154362416,0.25537889581600864,1541.0724832214764,41.714061919564756,0.44966442953020136,745,0,2.100869537397426,1.756966332647101
450,8766.527665317139,0.24580624198622472,1090.4102564102564,24.712049036655444,0.4493927125506073,741,0,1.4696327067864672,0.08562752023086972
451,5426.025503355705,0.20760243193820724,458.90738255033557,29.59044836689862,0.44966442953020136,745,1,0.06091693369466596,-1.616114022234393
452,5165.466577540107,0.32902488233663985,479.8596256684492,60.738620976372395,0.45187165775401067,748,3,-1.8207233943026366,0.3058267406320518
453,7646.484023668639,0.3601217204476865,899.2994082840237,30.2138492725883,0.4011834319526627,845,2,0.9177467542376981,1.3836060517282593
454,5789.448924731183,0.3890416513570319,708.138440860215,71.72343310396802,0.45161290322580644,744,3,-2.1404987919461496,1.5873598504655357
455,7333.663967611336,0.2553583251165473,462.2348178137652,11.243128589926211,0.4493927125506073,741,1,0.5537971857822872,-1.3531135942034151
456,6212.383580080754,0.2664382634886565,899.2045760430686,43.20941307424628,0.4508748317631225,743,1,-0.013701915845373972,0.03387391966409442
457,4797.366894197952,0.26269504829774637,429.7064846416382,32.64098374393673,0.44197952218430037,586,1,-0.4764465077968647,-1.1056526933963466
458,7571.445637583893,0.24734233708057382,702.9637583892618,17.32902373615198,0.44966442953020136,745,1,0.8464075159514389,-0.8763367187915103
459,9178.351604278076,0.3167245178619973,1132.7994652406417,62.177761668781386,0.45187165775401067,748,3,-0.0015612488882314527,1.8994412839004917
460,3729.244623655914,0.4085618467892506,343.747311827957,80.9728947421398,0.45161290322580644,744,3,-3.4862085347667633,1.13445125117938
461,4846.716599190283,0.2607013714893064,477.38326585695006,22.924993307932716,0.4493927125506073,741,1,-0.2855436163401511,-1.4227631257553386
462,4849.420698924731,0.33898707726080674,608.7728494623656,56.234049291604734,0.45161290322580644,744,3,-1.6594187597794472,0.3827052195990982
463,6107.469717362046,0.2800951833072521,973.656796769852,51.5080319972768,0.4508748317631225,743,1,-0.25844289940941034,0.47602974987341257
464,10638.941176470587,0.23420537229012367,1308.625668449198,8.425827767698477,0.45187165775401067,748,0,2.6349001462807777,0.1377519559501239
465,7744.993288590604,0.26516322888680444,604.5436241610738,39.69871779720422,0.44966442953020136,745,1,0.008841420324479503,-0.1740483831678083
466,7725.991924629879,0.329283793557677,759.4602960969045,66.79008064707361,0.4508748317631225,743,3,-1.0352712828016102,1.3675592967209789
467,13483.986541049799,0.21732425705562733,1618.2449528936743,22.312456338716398,0.4508748317631225,743,0,3.4563484820077255,1.370378737208232
468,6682.344919786096,0.35839778836766745,757.4224598930481,7.670090285129502,0.45187165775401067,748,1,0.03892959234724925,-0.2998181436765619
469,11919.711229946524,0.2556183533659275,1525.7967914438502,28.328191697832416,0.45187165775401067,748,0,2.510587592606623,1.4438680284511252
470,13174.69864864865,0.23979349835652225,1786.0594594594595,30.230219096240805,0.45,740,0,3.259493406396429,1.9789379909348732
471,7111.462457337884,0.21092890033271747,591.0290102389079,29.909516064260316,0.44197952218430037,586,1,0.7244038210775451,-0.9779458787470648
472,5200.219251336898,0.2081889321717295,694.4585561497327,28.163446991436913,0.45187165775401067,748,1,0.33624296612392346,-1.4007526838573037
473,3566.49932705249,0.31519528276098296,489.5168236877524,59.49912811231357,0.4508748317631225,743,3,-1.968323212814591,-0.13168646645182575
474,7538.923592493297,0.29083702204293654,739.2707774798928,52.54179599626896,0.45308310991957107,746,3,-0.4612932580859213,0.5255501098138861
475,6490.401351351351,0.23511965084447198,985.7148648648649,31.829695345147602,0.45,740,1,0.74044520635298,-0.3886565478893563
476,5851.521505376344,0.36826940275593145,651.489247311828,71.2913405979822,0.4529569892473118,744,3,-2.0560321736548404,1.309177884213554
477,6194.870307167235,0.23422185110079205,449.5068259385666,38.129947790244174,0.44197952218430037,586,1,-0.0721560524881821,-0.9037990485810827
478,6809.959893048128,0.2776917846712326,700.9946524064171,47.98171410513674,0.45187165775401067,748,1,-0.4125350838118163,0.10141018263760335
479,11225.634048257372,0.2701152851617685,1329.9168900804289,44.724056513418184,0.450402144772118,746,0,1.5710495875906982,1.6634665382531613
480,4948.659090909091,0.314255387075412,625.4144385026738,58.153322912577885,0.45187165775401067,748,3,-1.4687732091954575,0.2586744749590999
481,5124.4697986577185,0.3103198874044539,475.11140939597317,42.38474426755553,0.44966442953020136,745,3,-1.1541367213362517,-0.37623753530022513
482,8367.29490616622,0.28636536758705894,926.2855227882037,21.619818696494793,0.450402144772118,746,1,0.880968599253685,0.04012339083027827
483,4958.954301075269,0.4049561704597209,652.0497311827957,74.06072712368263,0.45161290322580644,744,3,-2.5826896722128807,1.5597561717676418
484,7711.4304812834225,0.25489744468787073,740.9491978609626,11.983080228918528,0.45187165775401067,748,1,0.9606123128958128,-0.9133471317104565
485,4837.011945392492,0.22558955754988416,418.9402730375427,20.662341937277358,0.44197952218430037,586,1,0.1342422469056707,-1.7862046385803645
486,4264.768506056527,0.31674995688946705,521.542395693136,56.332356521032864,0.4508748317631225,743,3,-1.708838008896573,-0.0322786976202196
487,6987.310160427807,0.24602931724309723,677.2941176470588,34.55748200484248,0.45187165775401067,748,1,0.201353180174388,-0.5643461948601999
488,3684.354278074866,0.2411682426003932,388.6764705882353,33.70903281606847,0.45187165775401067,748,1,-0.8269758959744723,-1.6578793003409162
489,7296.727150537635,0.42110157951301297,650.4502688172043,93.5416584615622,0.45161290322580644,744,3,-2.7480567557735966,2.709819697280792
490,8257.609215017064,0.15770823892144462,1065.3242320819113,10.125939962194938,0.44197952218430037,586,0,2.5914315649636266,-1.1508982314848262
491,6735.894736842105,0.2546122752393096,527.3198380566802,35.35247120360914,0.4493927125506073,741,1,-0.10246724130986896,-0.687801582156015
492,7855.826989619377,0.2643501659077998,1156.8460207612457,35.99514701659035,0.4463667820069204,578,0,0.9943658996040836,0.5302902660262042
493,8272.030955585464,0.26509349690296213,808.8963660834455,38.85714888878368,0.4508748317631225,743,1,0.40557383895692084,0.16616045375622537
494,7651.914444444445,0.22100227367723252,1082.0222222222221,35.80778585269517,0.38333333333333336,900,2,2.5531084789499414,0.7948502329905761
495,5136.336032388664,0.29128677667186764,393.9055330634278,52.99917763900295,0.4493927125506073,741,3,-1.3845275749743367,-0.3425816575247898
496,7732.843582887701,0.24816129375424534,832.8770053475936,38.13234699986639,0.45187165775401067,748,1,0.4653362084978094,-0.08680445965280487
497,9078.264429530202,0.21391866937941464,1120.1422818791946,33.28147667780502,0.44966442953020136,745,0,1.6064234039326568,0.1491437066423383
498,6997.4249146757675,0.13816133845658146,885.4675767918088,7.601539286516255,0.44197952218430037,586,1,2.302055182020107,-1.8831400885882132
499,5136.067476383266,0.23724548832419634,736.7921727395411,24.1427062590046,0.4493927125506073,741,1,0.30420465180003947,-1.183989881031588
500,5290.8105802047785,0.21241560047088623,391.7320819112628,10.71024070317611,0.44197952218430037,586,1,0.5575063958279095,-2.1405819825568733
501,5410.10409556314,0.2609331513738754,591.5767918088737,39.27740269215333,0.44197952218430037,586,1,-0.2792160934248938,-0.5906904673861477
502,10851.844173441734,0.24031484242446013,1524.7249322493226,33.7045300055843,0.453929539295393,738,0,2.2299268140329573,1.2329858852396096
503,6687.954301075269,0.29564964169744684,470.8508064516129,47.24126124443615,0.45161290322580644,744,3,-0.8881321943042195,-0.09674093667701525
504,6664.038770053476,0.21961908153635387,955.0414438502673,22.714117133579446,0.45187165775401067,748,1,1.0582973603603587,-0.8211941830946073
505,4777.690958164642,0.2602415209155059,594.6666666666666,46.85898834730949,0.4493927125506073,741,1,-0.7564421009835662,-0.587522996147871
506,7608.485868102288,0.286388151583388,845.9623149394347,55.03518621200476,0.4508748317631225,743,3,-0.27648979174519245,0.7455320540597035
507,8457.845222072678,0.2514219769864533,665.6487213997308,37.883771982352144,0.4508748317631225,743,1,0.37666240650116656,-0.1430366178575515
508,6742.997297297297,0.29860649002057044,662.6337837837838,45.83594612894064,0.45,740,1,-0.5558913748529527,0.1819918430960992
509,6128.373154362416,0.30008661474934956,519.8899328859061,59.64679221692584,0.44966442953020136,745,3,-1.2531616546360063,0.28574657427947353
510,8203.247644683715,0.28300270248831305,846.4683714670256,47.61600957398581,0.4508748317631225,743,1,0.06873204640891345,0.6155340075237826
511,5654.779411764706,0.1475364345351943,811.8248663101605,13.858150609992384,0.45187165775401067,748,1,1.4687986063591603,-2.1014816311469895
512,5447.233285917497,0.20670574539655784,1273.4310099573258,10.609323101949501,0.3783783783783784,703,2,3.25758694018691,-0.1566379379546543
513,18233.014705882353,0.18045743896422575,2104.7098930481284,23.424792312164406,0.45187165775401067,748,0,5.3773490645462765,2.638277028694829
514,5750.98976109215,0.25374329553376157,604.0324232081912,42.8690371271561,0.44197952218430037,586,1,-0.22681325788076445,-0.46804199460655393
515,9062.218034993271,0.22447137042881202,740.5746971736205,18.827459911072673,0.4508748317631225,743,1,1.3282439803858235,-0.7135111160308781
516,5882.238223418573,0.3085142398965113,763.6016150740243,55.05419438187583,0.4508748317631225,743,3,-0.9301653342955303,0.4985346623779346
517,5948.5255878284925,0.35481070054175473,651.0318118948825,58.643121521417086,0.4508990318118949,723,3,-1.5507916004761646,0.8686802591323235
518,5855.5400340715505,0.29184194190278895,504.91311754684835,41.38894314882698,0.44293015332197616,587,1,-0.6401152940065795,-0.3026517233413297
519,5302.177807486631,0.2796498980359493,560.2139037433155,29.73564671082631,0.45187165775401067,748,1,-0.4605070042908484,-0.8896406410373952
520,3850.4358288770054,0.25016258180664847,411.60026737967917,33.507117997716456,0.45187165775401067,748,1,-0.8284499420514891,-1.5213250987433875
521,5178.180349932705,0.2540083128007319,426.5908479138627,34.56266171542643,0.4508748317631225,743,1,-0.5722101509387038,-1.1701323854952368
522,8185.862010221465,0.21295720058029116,631.1703577512777,23.37012879274945,0.44293015332197616,587,1,1.137002436960807,-0.9008563402666089
523,15627.279411764706,0.21705664057061033,1794.933155080214,9.56633983273389,0.45187165775401067,748,0,4.464036299056291,1.638334113410109
524,7711.866507747318,0.36462645160549556,820.1728247914184,48.02261349157168,0.40405244338498214,839,2,0.25279299268810806,1.8062763125821553
525,10274.388219544846,0.1657912163318175,880.326639892905,17.080499469389494,0.4524765729585007,747,0,2.268493668998452,-0.8785312822721014
526,10644.404825737265,0.304031920272367,1461.2908847184985,60.45955927963276,0.45308310991957107,746,0,0.8915134891321328,2.4523566326339012
527,10735.252348993288,0.20418211432520664,1003.4080536912752,22.92983713569322,0.45100671140939597,745,0,2.1026457948181005,-0.09599700954035943
528,10707.032301480485,0.2704443601886288,957.9582772543741,52.04874379260376,0.4508748317631225,743,0,0.7285898397264348,1.2640170084091251
529,7803.840909090909,0.24322101478241828,760.8155080213904,34.380099534063405,0.45187165775401067,748,1,0.5159166000599628,-0.32389269621515426
530,4522.017361111111,0.39990111895595587,731.0995370370371,13.13056314397541,0.3923611111111111,864,2,0.34722205037426673,0.5241565187832993
531,4894.385026737968,0.19149768929759287,601.4745989304813,19.693603310795247,0.45187165775401067,748,1,0.49949397410867374,-1.9784562598171074
532,10900.113055181695,0.17901405095910486,1281.2611036339165,19.492843081967195,0.4508748317631225,743,0,2.8321047293362627,-0.0037755851823812253
533,9604.95411605938,0.2689504472029532,899.4048582995952,41.289212392221145,0.4493927125506073,741,0,0.7448535773596497,0.667702951577015
534,7512.06132879046,0.2964930854212255,570.4071550255536,51.693515231164774,0.44293015332197616,587,3,-0.5148110971627615,0.44244015025162897
535,8119.0659488559895,0.2832063449875299,925.006729475101,50.97361393831872,0.4508748317631225,743,1,0.07380581582402174,0.8058056830527652
536,8336.240915208613,0.29540474648770687,887.5679676985195,47.791997834017494,0.4508748317631225,743,1,0.04860763862404278,0.8116048315037491
537,5555.180836707153,0.23880328196420292,602.6720647773279,35.967439998875975,0.4493927125506073,741,1,-0.12415234650491941,-0.9318613457417316
538,3856.9171122994653,0.28046183254256696,568.2967914438502,46.74436833568985,0.45187165775401067,748,1,-1.1986646317324947,-0.6558423056807278
539,11286.62457337884,0.15170013651539413,1142.5563139931742,13.924830944001144,0.44197952218430037,586,0,3.2732808180593334,-0.4095245076090931
540,5565.269624573379,0.3232320713372421,386.7064846416382,41.57699198038382,0.44197952218430037,586,3,-1.1099646874043836,-0.22580163232407222
541,6718.028263795424,0.2955535596203566,859.4710632570659,38.79858788728236,0.4508748317631225,743,1,-0.08912205097434994,0.20523332860052487
542,6256.266211604096,0.2244161351719822,533.4095563139932,40.79410619442986,0.44197952218430037,586,1,0.07057869415911994,-0.7866455622472137
543,2798.185234899329,0.44378571286794954,240.92214765100672,110.45348375630546,0.44966442953020136,745,3,-4.844236477242041,2.0031512135616927
544,14134.255376344086,0.2979483240717061,1853.5228494623657,53.90402118947277,0.4529569892473118,744,0,2.3926478876646864,3.414465128614707
545,10625.013458950201,0.28390398723815713,1030.4185733512786,57.259365184416076,0.4508748317631225,743,0,0.5683360939916761,1.6168039552619962
546,13633.42780748663,0.17225010933931426,1616.9919786096257,24.776325722178775,0.45187165775401067,748,0,3.7681636837931705,1.058592573791864
547,5721.59385665529,0.20521471058748478,440.1245733788396,21.43279646017987,0.44197952218430037,586,1,0.49268303818306297,-1.7455033513227314
548,5075.181446111869,0.3313876321035486,401.7803547066849,47.91774980549115,0.45020463847203274,733,3,-1.598061202771901,-0.14714574984509846
549,4636.645721925133,0.19873978911238896,547.7419786096257,28.262156017993874,0.45187165775401067,748,1,0.08579110710312773,-1.789679949134425
550,6012.5100671140935,0.24363089216496864,500.8,22.841584426664586,0.44966442953020136,745,1,0.12338881112888982,-1.3242509143927383
551,6553.193850267379,0.2454284258758031,988.1858288770053,29.985715750162633,0.45187165775401067,748,1,0.680863882892329,-0.3592795315506784
552,7727.504697986577,0.4029513390037353,691.5785234899329,95.48816577958506,0.44966442953020136,745,3,-2.461743595172927,2.7692386979059953
553,7014.6734143049935,0.2877224732389787,637.591093117409,3.072165601974179,0.4493927125506073,741,1,0.6881247918270968,-1.1250269019714927
554,4429.061497326204,0.2083778849401624,539.9491978609626,20.235724013636595,0.45187165775401067,748,1,0.16373425258320237,-1.9871108613881479
555,5193.206132879046,0.2607088753260051,481.7870528109029,40.08220039994368,0.44122657580919933,587,1,-0.4836706310712306,-0.7516282396465132
556,7182.79250334672,0.25806516345497227,832.3681392235609,42.360529093205216,0.4524765729585007,747,1,0.14673116927874777,0.009320225291125774
557,4400.601078167116,0.29652935373139966,679.9973045822103,44.875167840872145,0.45148247978436656,742,1,-1.0016757230655193,-0.30658921306340714
558,3237.811497326203,0.22324658413681842,453.66577540106954,37.35929450860418,0.45187165775401067,748,1,-0.7750139060861932,-1.7067003858799557
559,5885.743279569892,0.39682716672570484,752.1680107526881,79.15336967418406,0.45161290322580644,744,3,-2.316506632803482,1.949457156723349
560,13562.113924050633,0.2429940184688497,1639.1350210970463,21.970655487337325,0.4542897327707454,711,0,3.228095888971285,1.5873011562340062
561,6916.170928667564,0.26232340832803347,684.7711978465679,45.474110435829466,0.4508748317631225,743,1,-0.20101206914952802,-0.09591613848487024
562,18001.093333333334,0.16327793136862112,3108.6022222222223,20.60730105986508,0.38333333333333336,900,2,8.44280697571758,4.597757024327735
563,5570.77027027027,0.23516410174281344,711.2567567567568,23.825867717532276,0.45,740,1,0.3693907768116333,-1.1710242292449247
564,5509.148048452221,0.21834927444229096,487.91386271870795,23.886868029910595,0.4508748317631225,743,1,0.15520272608787752,-1.645936776803025
565,6646.327052489906,0.2721280618980562,795.1251682368775,48.58797649944845,0.4508748317631225,743,1,-0.26082696212543505,0.1800046563830852
566,4881.096256684492,0.2584937447588595,544.4598930481284,43.23420830638774,0.45187165775401067,748,1,-0.7504822190685324,-0.7878857286678246
567,5258.530282637954,0.3064701171059802,674.8546433378197,57.41859264158802,0.4508748317631225,743,3,-1.2302535353872657,0.3082322211480781
568,4855.330201342282,0.2391727528689187,413.103355704698,14.810434128835714,0.44966442953020136,745,1,0.007720412616325556,-1.9368837426635974
569,4521.993315508022,0.2104156789195174,653.5521390374331,29.00710831393788,0.45187165775401067,748,1,0.09819820617121983,-1.5423175388694963
570,4565.057873485868,0.3408934137165916,666.0309555854643,55.7819381825165,0.4508748317631225,743,3,-1.6240404227423668,0.4197554661723482
571,7704.378839590444,0.2402681643161139,574.518771331058,15.446188959406573,0.44197952218430037,586,1,0.9619556629438132,-1.0467845940843121
572,6893.09054054054,0.2527797710551246,573.1391891891892,41.594985279114724,0.45,740,1,-0.16653563530988602,-0.4383714867477284
573,3980.9778156996585,0.274014117080349,336.31058020477815,54.76113226937572,0.44197952218430037,586,3,-1.4503971508550881,-0.6501765544707779
574,8875.40350877193,0.23602245267772945,666.9122807017544,35.370192576437766,0.4493927125506073,741,1,0.6878810494070033,-0.25127458403147573
575,5381.507666098808,0.4578428707072964,494.6780238500852,109.46013007473428,0.44293015332197616,587,3,-3.896415357412326,3.024040477529033
576,6999.524064171123,0.28461482255678555,968.4505347593583,41.63310571760201,0.45187165775401067,748,1,0.11810309576293324,0.3811556385682216
577,4955.931818181818,0.2399015558594686,585.192513368984,34.64374282696383,0.45187165775401067,748,1,-0.2994430826257049,-1.1300851331404542
578,8059.824214202561,0.2788348216090083,763.5389988358556,32.24554701576999,0.3946449359720605,859,2,1.560553097215448,0.701311377133459
579,8323.004037685061,0.2628115528760704,916.1413189771198,39.903059341141386,0.4508748317631225,743,1,0.5603738369018464,0.3328025978029367
580,10221.012032085562,0.22922813940851916,1604.9705882352941,19.782957010705825,0.45187165775401067,748,0,2.714886123547657,0.7479543570702257
581,5350.024226110363,0.38437368343788453,590.3849259757739,85.28200460400997,0.4508748317631225,743,3,-2.70057429447626,1.7023744397374636
582,7064.71581769437,0.28314350908545777,867.8552278820375,49.98682173944895,0.44906166219839144,746,1,-0.15914892751490475,0.5198562502617856
583,4316.823924731183,0.29650269011946717,450.4045698924731,50.86545403259477,0.45161290322580644,744,3,-1.5063611868393876,-0.4655121108628841
584,4725.704697986577,0.2390642704901049,433.3771812080537,34.342953176636684,0.44966442953020136,745,1,-0.501511066715673,-1.3701486304490769
585,5707.9786096256685,0.2792308784536257,869.4625668449198,36.16201431929429,0.45187165775401067,748,1,-0.10086709381672526,-0.2067516359613357
586,15136.243243243243,0.23634052094084865,2363.2824324324324,18.81633846347916,0.45,740,0,4.814063760187054,2.7833310450182864
587,9598.126064735945,0.2532496683771452,684.2129471890971,22.489185547653506,0.44122657580919933,587,1,1.2325740313252407,-0.20725879816814025
588,6143.854278074867,0.23485154858745672,661.687165775401,31.591559982709715,0.45187165775401067,748,1,0.17513113128056554,-0.9311556620601052
589,4650.904299583911,0.4585669974718225,492.77669902912623,71.67927310047048,0.44937586685159503,721,3,-3.201741239832534,1.714777352087231
590,4968.299595141701,0.24333224802784176,391.46018893387316,19.199421128779278,0.4493927125506073,741,1,-0.14334989314523588,-1.7779413661711716
591,5696.5411605937925,0.22792143799617634,499.1336032388664,35.75674871694744,0.4493927125506073,741,1,-0.14834579982024745,-1.148565652995875
592,4459.50336473755,0.28823823358073186,572.699865410498,49.521695765227975,0.4508748317631225,743,3,-1.18380882387442,-0.3732800979235875
593,9498.078877005348,0.24762792164137537,1231.7660427807486,29.659384098187008,0.45187165775401067,748,0,1.6239618863119263,0.546766754437391
594,4150.143048128342,0.2754110037503428,456.2834224598931,46.109372941062254,0.45187165775401067,748,1,-1.240353089052943,-0.8159950548086141
595,15055.421122994652,0.22524363095494807,1769.8970588235295,24.543567243992353,0.45187165775401067,748,0,3.8509204951011737,1.99997464077084
596,4481.497326203208,0.21121035085484913,694.336898395722,26.089061187803658,0.45187165775401067,748,1,0.21815527790359004,-1.571597076736502
597,5074.757738896366,0.21626483360091847,727.1063257065949,26.745568468187336,0.4508748317631225,743,1,0.34950483541429006,-1.3373029258549483
598,5903.46928327645,0.1806771019862318,730.7218430034129,24.208294056675513,0.44197952218430037,586,1,1.0728644295480414,-1.4490792456998405
599,9766.308823529413,0.21796888475540607,877.5147058823529,14.855173191300015,0.45187165775401067,748,0,1.8044491407951102,-0.5762603308768726
600,6971.25935828877,0.253261169934439,618.894385026738,32.65387317978319,0.45187165775401067,748,1,0.1054480620471045,-0.6386301080453386
601,4875.820134228188,0.23930317439110083,395.0765100671141,30.65632106347878,0.44966442953020136,745,1,-0.4305920579439627,-1.49836296039605
602,6298.030872483221,0.23845558957374627,615.255033557047,42.43005584354653,0.44966442953020136,745,1,-0.12613653341974787,-0.5923337369594516
603,6922.793956043956,0.2750522090696681,943.1881868131868,50.54842475751921,0.4491758241758242,728,1,-0.03171508229445216,0.5393169615039255
604,8025.5972696245735,0.2452775580356868,597.1808873720137,35.91028421451023,0.44197952218430037,586,1,0.4824047889310858,-0.31858557140705324
605,7006.614555256065,0.2641368798040795,508.69946091644204,40.07291105227652,0.44878706199460916,742,1,-0.2622849894127866,-0.4335004746743441
606,5849.1604278074865,0.2503366293308634,623.0200534759358,43.706611374811644,0.45187165775401067,748,1,-0.3851544738713753,-0.5536282361828662
607,3914.7278820375336,0.48205500052746875,414.7211796246649,117.58310920623703,0.45308310991957107,746,3,-4.940140864216726,2.9547968787241765
608,9321.797043010753,0.3658493237417972,944.4139784946236,69.53030691447205,0.45161290322580644,744,3,-0.8304056866337075,2.31787206511419
609,4632.264705882353,0.2460617042427404,504.6938502673797,37.56169938433616,0.45187165775401067,748,1,-0.6077972395649898,-1.1634432694337513
610,4208.154777927321,0.3149208296030798,522.5625841184387,58.33597362098568,0.4508748317631225,743,3,-1.756605359038083,0.00010385314395099903
611,5776.3549488054605,0.16690682767286183,490.56996587030716,20.9490209281972,0.44197952218430037,586,1,0.9021285433186467,-2.0176566410430334
612,6839.1635434412265,0.26026425960999416,426.3390119250426,34.23590349648188,0.44293015332197616,587,1,-0.10418970022792097,-0.7073856048433623
613,6759.391420911528,0.24535236900799529,1005.7975871313673,27.994771593219337,0.45308310991957107,746,1,0.7753057740877167,-0.369255271607263
614,6588.932795698925,0.23467732422215964,940.9677419354839,29.34773120862994,0.4529569892473118,744,1,0.7023112881132411,-0.5439482851095786
615,9738.379865771813,0.23811537288423215,1244.0147651006712,35.202558233336624,0.44966442953020136,745,0,1.670415284157655,0.7136437565387002
616,8511.86271870794,0.24825533502071825,833.507402422611,42.085046039745,0.4508748317631225,743,1,0.5430746966668238,0.19057236022092855
617,6352.14247311828,0.33761957453115743,575.3440860215054,60.69946743031889,0.4529569892473118,744,3,-1.5332122493024356,0.7242306612650757
618,6797.848322147651,0.23586568176944084,503.8590604026846,25.790892909544315,0.44966442953020136,745,1,0.2752185813209211,-1.153176590429251
619,4300.607508532423,0.35110328817763,429.8139931740614,74.61868138616816,0.44197952218430037,586,3,-2.4031002774526096,0.7924970249409454
620,7708.711604095563,0.18624921372692704,705.6655290102389,13.172744684757573,0.44197952218430037,586,1,1.651773072514095,-1.408354191850145
621,5917.324360699866,0.24296164254329883,808.9179004037685,42.29779447636785,0.4508748317631225,743,1,0.012849712669750846,-0.37937067804335334
622,4309.556149732621,0.26731293223425373,430.30748663101605,40.86453126127687,0.45187165775401067,748,1,-1.0408246621705333,-1.0441026383397412
623,7154.413934426229,0.3029863973241359,835.3101092896175,41.68432119075714,0.4521857923497268,732,1,-0.1985541234767792,0.38799983708503244
624,7034.230148048452,0.28921403030572734,685.7119784656796,46.58411281392736,0.4508748317631225,743,1,-0.4246037620072721,0.19705453230393966
625,6307.053835800808,0.2778496150391553,618.5450874831763,53.385413448971974,0.4508748317631225,743,3,-0.7552655561104475,0.06263780922434412
626,9385.90188172043,0.28647091941099234,831.7231182795699,48.63567497833159,0.4529569892473118,744,1,0.19092017934670177,0.8551828261492763
627,5950.092617449664,0.2578452518640838,613.793288590604,31.898108222992022,0.44966442953020136,745,1,-0.08205098799974749,-0.7944007359895583
628,6235.084224598931,0.3058862953583987,764.2205882352941,48.94538623069802,0.45187165775401067,748,3,-0.6963574987804395,0.35447871970612294
629,7740.520477815699,0.24736096946886743,687.4556313993174,28.34638711231013,0.44197952218430037,586,1,0.7341173348716684,-0.4498263557914758
630,6986.35666218035,0.37706473603587115,798.8734858681023,71.38509402084935,0.4508748317631225,743,3,-1.6424805179440312,1.8341893697954295
631,5391.149732620321,0.22577319297980591,638.5147058823529,32.29071163794552,0.45187165775401067,748,1,0.0434129766516854,-1.1665099314927636
632,7002.506684491978,0.1960325753329432,902.1524064171123,18.17140469226176,0.45187165775401067,748,1,1.3645099667317828,-1.1681467139194208
633,7212.10409556314,0.20281967891063524,550.9095563139932,9.718988123215917,0.44197952218430037,586,1,1.283865065120202,-1.668840866400342
634,6716.764784946236,0.37506326439554083,652.3252688172043,71.75419733899378,0.4529569892473118,744,3,-1.944877384682898,1.5489248270996052
635,5910.987903225807,0.43679231475439206,598.0013440860215,93.45059025911156,0.45161290322580644,744,3,-3.2335471435376824,2.5089183574591214
636,5886.630323679728,0.3856883757501988,713.359454855196,80.5282302695838,0.44293015332197616,587,3,-2.1309856268761846,1.9473725156392772
637,8673.53071672355,0.21719701356467125,690.9402730375426,34.11205565606205,0.44197952218430037,586,1,1.0262966131214133,-0.36596407113754803
638,5997.853951890034,0.20242614834223652,507.2817869415808,25.580112394640032,0.43986254295532645,582,1,0.6045705897279026,-1.4788287779109603
639,4758.224764468371,0.31884693587002505,488.9744279946164,62.42702348022638,0.4508748317631225,743,3,-1.8310400764331043,0.21213021741855478
640,11522.64333781965,0.2304462909268895,881.2987886944818,36.42197929377113,0.4508748317631225,743,0,1.5239605370079752,0.5105881069291552
641,5797.5760430686405,0.33181969364632347,542.757738896366,62.809670913148594,0.4508748317631225,743,3,-1.6570038113890242,0.6097573731459376
642,3674.5464333781965,0.21486489649396165,483.0820995962315,30.581126070957037,0.4508748317631225,743,1,-0.37559270790589744,-1.8402878136832082
643,8004.977272727273,0.26250586204431875,1023.6524064171123,39.85914636159012,0.45187165775401067,748,1,0.6308739662192963,0.40266245779538434
644,9375.143884892086,0.2918608924664088,1032.9730215827337,11.948421743047613,0.4460431654676259,556,0,1.5422211561498382,0.20241965673083132
645,10731.047233468285,0.2537391226154842,1330.7327935222672,40.66485261608696,0.4493927125506073,741,0,1.732729346788756,1.3210733790595819
646,5022.706484641638,0.19691643989510046,707.0546075085324,29.22829548236469,0.44197952218430037,586,1,0.5935930957048944,-1.3614915501200453
647,5767.050802139038,0.26886464991269293,678.4117647058823,44.74494887942445,0.45187165775401067,748,1,-0.5018098292959966,-0.3001696808178243
648,6583.338235294118,0.21934645085056392,612.9986631016043,34.86230014516806,0.45187165775401067,748,1,0.23696502772352993,-0.9559232959625259
649,3689.135752688172,0.3963110321388046,388.1532258064516,77.21494860292876,0.45161290322580644,744,3,-3.232209499116907,0.9709273214205763
650,6393.588737201365,0.17430788998124377,665.6757679180887,19.970583960843886,0.44197952218430037,586,1,1.2439681635674231,-1.6231089702659096
651,7635.405114401076,0.2093858949427041,952.7792732166891,29.2786502541015,0.4508748317631225,743,1,1.1874019407693404,-0.5265406282680061
652,6629.679624664879,0.3331156385538446,681.3016085790885,63.46042043212372,0.45308310991957107,746,3,-1.3632261092254359,0.9608145544594199
653,5922.152086137281,0.2582620989934576,502.21534320323013,43.57138704669868,0.4508748317631225,743,1,-0.5826137542808475,-0.6265179224109962
654,6468.32123655914,0.3798814902964694,686.0295698924731,75.76022262829255,0.4529569892473118,744,3,-2.0923169090790856,1.7058704627493708
655,8011.86137281292,0.3122841737055619,687.7308209959623,43.7682986824942,0.4508748317631225,743,3,-0.3358595212123935,0.5085748556136366
656,3242.581208053691,0.21068833241983875,379.3463087248322,31.985989691014343,0.44966442953020136,745,1,-0.5891929634217976,-2.045767232376319
657,6081.074324324324,0.3365329907391437,772.2486486486487,53.3746907325953,0.45,740,3,-1.0435095236543714,0.7577950251115413
658,6077.293405114401,0.2978838124523081,601.0457604306864,55.05050395839175,0.4508748317631225,743,3,-1.0350688981994816,0.2195190445879907
659,5657.353020134228,0.3022358665083035,686.6832214765101,56.047435135279486,0.44966442953020136,745,3,-1.0349536897502534,0.33890067148812997
660,4573.733788395904,0.3373389138304623,494.7986348122867,69.1843133182535,0.44197952218430037,586,3,-1.9990250861587584,0.6551828635079796
661,7155.7980900409275,0.2061954113303951,589.9699863574352,19.277646597534,0.45020463847203274,733,1,0.873793597152702,-1.4235654795738002
662,8468.961229946524,0.3171903860471782,773.9358288770053,62.815907630361615,0.45187165775401067,748,3,-0.6801012631238911,1.2952950505888567
663,4716.349514563107,0.3423410408930762,645.8543689320388,19.261732614934175,0.4521497919556172,721,1,-0.7027659216311616,-0.6380899989044605
664,4935.254032258064,0.3084780593408771,602.1760752688172,51.53348025157199,0.45161290322580644,744,3,-1.2782157450633342,-0.014748996117502699
665,8222.560216508795,0.31020453012598803,1260.8281461434372,57.71237785287238,0.4519621109607578,739,3,0.15347846466690834,1.7043155029928556
666,6998.379217273954,0.2933371397179958,654.1538461538462,40.18287581451603,0.4493927125506073,741,1,-0.3111307712038258,0.01694396985016799
667,8793.732262382864,0.25377014479033033,794.9183400267738,40.780632894850825,0.4524765729585007,747,1,0.5007195717767152,0.18235620639615624
668,8943.937165775402,0.22321397704467208,1159.8917112299466,35.42023572529045,0.45187165775401067,748,0,1.4562052594634631,0.29386350790049387
669,4481.682593856655,0.220571661319739,391.80887372013655,23.670182039324423,0.44197952218430037,586,1,-0.01531289567159626,-1.848505489436224
670,6582.577777777778,0.23596497952614268,700.6444444444444,42.703484438772286,0.4427350427350427,585,1,0.21557277662351834,-0.3479190992480409
671,5867.96928327645,0.22156682791517138,589.5938566552901,34.47221330710098,0.44197952218430037,586,1,0.2602094937116407,-0.9918392231204273
672,8858.182795698925,0.24078041753614657,1396.2002688172042,25.45332436835905,0.4529569892473118,744,0,1.870454395682091,0.4539166034236761
673,7079.097165991903,0.2657081583082617,580.7948717948718,35.93830428442249,0.4493927125506073,741,1,-0.06181612039956982,-0.43428976233026023
674,8213.695774647887,0.3350729181438062,1018.2295774647887,50.58020582645302,0.4507042253521127,710,3,-0.18416294053903806,1.3994350215809366
675,4310.013422818792,0.367031055392491,451.89395973154365,66.76736048163484,0.45234899328859063,745,3,-2.5157333645938693,0.6073908084742133
676,7604.963470319634,0.3127096240107974,1669.4326484018266,5.634604184773458,0.3789954337899543,876,2,3.5158782319108615,1.5804441607667343
677,7996.387372013652,0.25245403904736075,642.7576791808874,35.76662121909474,0.44197952218430037,586,1,0.4865084239653669,-0.20268499038946866
678,7293.741588156124,0.2875631184085122,826.9098250336474,40.612119650428426,0.4508748317631225,743,1,0.00044634431844119864,0.25267841972172644
679,9955.7807486631,0.21661677888986386,1064.0735294117646,33.859237793574,0.45187165775401067,748,0,1.6221732145840757,0.2527902569890445
680,5201.216577540107,0.25714579176824715,793.1417112299465,7.514158197381514,0.45187165775401067,748,1,0.6184189451689875,-1.4309648691973644
681,3539.4186046511627,0.32866844388873334,486.5348837209302,43.12573562435445,0.4487004103967168,731,3,-1.6123479982412592,-0.46818870117203754
682,11207.354444444445,0.29172766721876403,1758.6177777777777,56.678136125669766,0.38333333333333336,900,2,3.1228655464239683,3.6270587357464095
683,9205.129679144386,0.27911889793941197,882.1149732620321,48.85975937731141,0.45187165775401067,748,1,0.3032230858539462,0.8449420528798416
684,7642.923208191126,0.2978282006826184,614.6825938566553,30.427709218079112,0.44197952218430037,586,1,0.14258222481714122,-0.06304848076117414
685,6685.64333781965,0.39527317011061347,617.2947510094212,74.80163328222324,0.4508748317631225,743,3,-2.2020943201912337,1.7874934357738632
686,6258.658602150537,0.4004939579728414,755.9650537634409,78.22423068415303,0.4529569892473118,744,3,-2.2688679176187985,2.014452365029003
687,8341.43741588156,0.21556166484778003,734.7483176312247,27.62571068273597,0.4508748317631225,743,1,1.0139832595804432,-0.6833815885235451
688,3618.5887096774195,0.38516486915875353,365.06586021505376,76.29342926096261,0.45161290322580644,744,3,-3.16426522904008,0.8009567544059828
689,7068.987919463088,0.27177559243703525,715.6885906040269,49.4195836486787,0.44966442953020136,745,1,-0.2804725294139314,0.18822255406771088
690,5599.806191117093,0.2485054159817243,794.3324360699866,41.19004798724143,0.4508748317631225,743,1,-0.08948877441384036,-0.44316574051107865
691,8389.555854643339,0.2473451334574882,623.9973082099597,35.345947500818454,0.4508748317631225,743,1,0.40312140403663543,-0.3223989604093529
692,6599.527590847913,0.3340005699174997,800.7604306864065,69.34153094292608,0.4508748317631225,743,3,-1.3132027337451613,1.3241757845219373
693,6615.971812080537,0.42376395731930366,495.4684563758389,98.78443551723205,0.44966442953020136,745,3,-3.2267824296184084,2.5671970586354678
694,8023.3583617747445,0.1941453993955038,776.0853242320819,21.797190821172368,0.44197952218430037,586,1,1.5260393855734826,-0.9329041963117829
695,5387.559892328399,0.3952314196135304,515.8775235531629,87.08514875629172,0.4508748317631225,743,3,-2.9353880498622003,1.7554134226275453
696,7791.131016042781,0.24838313786744323,994.8262032085562,38.19741834656897,0.45187165775401067,748,1,0.7049735432736484,0.1498173113154368
697,10653.20726783311,0.23756192460509856,1007.2126514131897,37.51242967456365,0.4508748317631225,743,0,1.4383050526103685,0.6110285427450078
698,15503.241978609625,0.16018866290004957,1935.3328877005347,18.454882890878256,0.45187165775401067,748,0,4.871176886265904,1.5624948236742362
699,8348.132876712329,0.24607655427900665,982.8095890410959,30.457874709855194,0.44794520547945205,730,1,1.108095040346208,0.04513756027532352
700,4344.687933425797,0.38858925369789477,526.4909847434119,54.85207632730307,0.44798890429958393,721,3,-2.1727172988126164,0.6165351277875933
701,5778.511945392492,0.29257314057730105,631.2218430034129,54.92123138367209,0.44197952218430037,586,3,-0.8163035030519848,0.2651478920279965
702,4384.005119453925,0.26565147086869195,347.6399317406143,47.85206717413544,0.44197952218430037,586,1,-1.1017545175584333,-0.8311235160571354
703,3300.485868102288,0.2918607184624118,354.0134589502019,56.191847227037115,0.4508748317631225,743,3,-1.9386668053963356,-0.6692752853512285
704,10370.460508701473,0.23692567862999678,1076.75234270415,37.39549808756254,0.45113788487282463,747,0,1.482155537514004,0.6398731153489158
705,7972.497981157469,0.3100496898678795,963.3203230148049,58.45604935092088,0.4508748317631225,743,3,-0.3175782699274809,1.2831788475837855
706,5739.98976109215,0.2265225565381116,524.7935153583618,22.13468582428537,0.44197952218430037,586,1,0.42454173270135687,-1.4179941979243098
707,8314.333781965006,0.3048708186463495,915.8048452220727,48.34143044342268,0.4508748317631225,743,3,-0.007462746802956971,0.9453894834787224
708,4502.395705521472,0.4631878787460321,469.55828220858893,35.68683721328941,0.4539877300613497,652,3,-2.4575457909598177,0.5967073079241596
709,9871.760695187166,0.3229247168149983,1295.7433155080214,56.45308405818233,0.45187165775401067,748,0,0.47290712955813813,2.144093857666448
710,4539.213310580205,0.284487615941842,373.5870307167236,42.226459959158,0.44197952218430037,586,1,-1.0393952102078439,-0.7625639144685721
711,6989.21465076661,0.2650932689862164,515.434412265758,48.30505880397975,0.44293015332197616,587,1,-0.35481003917817616,-0.10744922353840865
712,6444.522184300341,0.25641840677718597,575.7303754266212,41.283934764362016,0.44197952218430037,586,1,-0.1050854579481437,-0.3965003593959315
713,10800.044414535667,0.24765121582070163,1325.5962314939434,31.994580315020272,0.4508748317631225,743,0,1.9851631113984214,1.004238155504065
714,4516.080971659919,0.2771778391172527,329.42914979757086,26.58668134022193,0.4493927125506073,741,1,-0.79556022301497,-1.4373365050457991
715,6503.437837837838,0.3948699640218755,677.4486486486486,76.93265848565017,0.45,740,3,-2.1875457615090577,1.9040735718360948
716,5721.730375426621,0.21945847126930168,454.7952218430034,25.456660669408095,0.44197952218430037,586,1,0.2915229584194752,-1.4835088714905924
717,5568.0955585464335,0.3372923246972755,561.8344549125168,66.24135315888493,0.4508748317631225,743,3,-1.811717567451347,0.7394702149226717
718,7941.88322147651,0.22230362907290288,858.9919463087248,38.532755734382704,0.44966442953020136,745,1,0.7938459083658004,-0.19968509178509367
719,5388.730375426621,0.229858427555817,456.1825938566553,17.390888556215543,0.44197952218430037,586,1,0.35161082964817014,-1.6867625705589284
720,7160.252673796792,0.2413316930935494,718.6791443850267,36.536919665369616,0.45187165775401067,748,1,0.28246295408785493,-0.4588385674398923
721,7672.040106951872,0.1935374157535445,758.6310160427807,17.542815681364967,0.45187165775401067,748,1,1.3340454837847429,-1.2768025991261576
722,9946.045454545454,0.19978710756098525,1598.6163101604277,25.766622194645077,0.45187165775401067,748,0,2.7332923553957715,0.6001992569749949
723,6978.924832214765,0.2528518006282943,564.3087248322148,27.96775038781756,0.44966442953020136,745,1,0.20258536646282152,-0.8231796969934059
724,6816.870794078062,0.2241263866946288,701.5127860026918,25.69283828664039,0.4508748317631225,743,1,0.6340446378543101,-1.0005776368467607
725,5741.5695187165775,0.21722418357747267,596.0588235294117,23.65535635166534,0.45187165775401067,748,1,0.3512851831144407,-1.4826733309284181
726,11058.112903225807,0.35759232622040243,1067.3293010752689,67.02541878286921,0.4529569892473118,744,3,-0.193789028632246,2.6557593693675123
727,4521.81610738255,0.28023307301844236,452.8,53.399810093782605,0.44966442953020136,745,3,-1.3525245804358235,-0.4686752929924224
728,5235.466936572199,0.21544850857483427,458.1889338731444,18.019384833348422,0.4493927125506073,741,1,0.2659245426751291,-1.9154657531437984
729,10544.511440107672,0.26148010966897,1085.2234185733512,42.13731010370292,0.4508748317631225,743,0,1.210274950259283,1.0415685020568652
730,8098.151069518716,0.23440635287442543,991.7513368983957,25.58803664815451,0.45187165775401067,748,1,1.208827970935919,-0.28348040134878233
731,9268.295945945945,0.2725833802784715,955.8108108108108,50.6594900777723,0.45,740,0,0.46768706779843483,0.97585811675077
732,5696.557669441141,0.38088472913924587,648.8894173602854,30.61886239202346,0.40309155766944116,841,2,-0.061536303540713856,0.8389971403516707
733,14948.253333333334,0.12415037153404367,3404.0344444444445,10.238071521751408,0.38333333333333336,900,2,8.829801165397694,3.7740530297640187
734,6023.017496635262,0.3581724015268284,571.2207267833109,68.96572674784522,0.4508748317631225,743,3,-1.9472344131233374,1.1020619322476013
735,5526.956989247312,0.3771408626865593,546.241935483871,71.97025474027986,0.45161290322580644,744,3,-2.334607575073743,1.2178609769981492
736,5266.81228668942,0.24265222359592978,511.8924914675768,35.30393048102625,0.44197952218430037,586,1,-0.1685503478418623,-1.0031482630692832
737,6117.131897711978,0.31923832713832845,902.0699865410498,53.6998378435796,0.4508748317631225,743,3,-0.7364833086618868,0.7883029864272703
738,8502.50067294751,0.20932836581930833,703.2745625841185,25.488559782522152,0.4508748317631225,743,1,1.1092110485535782,-0.8124130475727106
739,9504.290102389079,0.2784006480233125,762.1672354948805,42.65800930160298,0.44197952218430037,586,1,0.5735293104004423,0.6768303273977889
740,6936.204026845638,0.24855026883981932,507.22013422818793,36.43389093522843,0.44966442953020136,745,1,-0.07459358294254624,-0.7026237478942315
741,7587.0,0.24011635007392673,917.7553475935829,34.52412303385848,0.45187165775401067,748,1,0.717048745964912,-0.1737392628529104
742,8023.8115746971735,0.24779116558290556,875.0457604306864,36.51508131286424,0.4508748317631225,743,1,0.65206464695173,-0.010964066219434203
743,3816.8548387096776,0.3648204999205725,419.0268817204301,70.86261825257992,0.4529569892473118,744,3,-2.7662862861697057,0.5594342118894344
744,7437.493848857645,0.17727763386276957,834.1933216168717,20.136528003215094,0.43936731107205623,569,1,1.7261270144408711,-1.1291407373722073
745,7503.978494623656,0.3957362165428227,711.8319892473119,82.7180809573246,0.4529569892473118,744,3,-2.1550695392763384,2.2799990616285104
746,6010.0832214765105,0.2963182750149675,507.5194630872483,43.918929509627205,0.44966442953020136,745,1,-0.8516539218770028,-0.24171954977608534
747,8027.317204301075,0.2792219906034381,703.3481182795699,43.709432618112736,0.45161290322580644,744,1,-0.054062364862596406,0.2304776996741554
748,5742.406460296097,0.2740438598838339,489.0121130551817,44.51031691406877,0.4508748317631225,743,1,-0.7921613725950156,-0.5126780513537936
749,5217.127860026918,0.37759773976682337,640.2409152086137,73.01130753466755,0.4508748317631225,743,3,-2.2793220757650587,1.3307223750996129
750,5004.31228668942,0.25092956348369605,403.6382252559727,36.0892618630531,0.44197952218430037,586,1,-0.4653407032693644,-1.1058001431616316
751,4226.411843876178,0.25590427571347246,575.7321668909825,40.6813573013111,0.4508748317631225,743,1,-0.7308182332030208,-0.9542706241076797
752,5262.558546433378,0.3627143737454327,461.9771197846568,72.62111751173505,0.4508748317631225,743,3,-2.392435033738573,0.9529549858978165
753,8752.010767160162,0.25780438545575146,768.6258411843876,46.19374516130215,0.4508748317631225,743,1,0.31383750879312744,0.3506230477333874
754,8137.888739946381,0.32691626394786194,972.8632707774799,47.475149422741836,0.45308310991957107,746,3,-0.16714767699564942,1.1312455815036486
755,10473.520805369128,0.22668967543231763,896.5006711409396,31.28994278119976,0.45234899328859063,745,0,1.4640563891370286,0.13087760999637058
756,16555.50201884253,0.2363965548183341,2348.2759084791387,19.344275817655994,0.4508748317631225,743,0,5.051111709223513,3.0387375013342166
757,6184.485829959514,0.26247757501852853,534.1848852901485,41.49573217870967,0.4493927125506073,741,1,-0.4314499722065597,-0.5368313786790992
758,4866.285907859078,0.2644214810093714,637.5311653116531,45.68643561987899,0.44850948509485095,738,1,-0.6616154086306943,-0.4978660168202401
759,7007.274562584118,0.3168667484499624,776.8909825033647,62.778880204363915,0.4508748317631225,743,3,-0.9511474719227048,1.028657196799338
760,7612.055330634278,0.13404461899975118,1222.6167341430498,5.281431668182908,0.4507422402159244,741,0,2.8167742224817873,-1.5179312085416217
761,8718.966577540106,0.2394219507739616,996.4973262032086,39.706415085346045,0.45187165775401067,748,0,0.931661968282768,0.2940375530000428
762,3865.0275103163685,0.3129034393985864,388.34250343878955,36.20027395205142,0.4511691884456671,727,1,-1.4277318676012065,-0.9106224971413996
763,6122.308823529412,0.22902623671919134,587.3890374331551,30.682414652159245,0.45187165775401067,748,1,0.13616582850957817,-1.114591593346323
764,3516.686730506156,0.39488463593656825,394.90013679890563,52.35576357094427,0.45006839945280436,731,3,-2.5611131886898466,0.23536192939065104
765,8494.110661268556,0.24321333792850156,710.7004048582996,35.757032472395025,0.4493927125506073,741,1,0.6030853545403683,-0.18963529192460502
766,6082.046075085324,0.23859799217402475,526.9112627986348,29.360512467929702,0.44197952218430037,586,1,0.2094254103446701,-1.034383702762811
767,6020.620320855615,0.3123649732509059,616.4679144385027,52.587810043656155,0.45187165775401067,748,3,-1.09990468549313,0.27369557982107057
768,12973.498663101604,0.2578964664631768,1346.644385026738,43.15768053862898,0.45187165775401067,748,0,2.0635685453028265,1.8488625068417546
769,10764.187777777777,0.17083720932552998,3068.222222222222,10.520021728280833,0.38333333333333336,900,2,7.101638549488168,2.9346206333933353
770,6561.706594885599,0.3031569763827005,744.4481830417227,53.376181425317725,0.4508748317631225,743,3,-0.7300952036018987,0.5064209491198006
771,6707.27133105802,0.22839923592904637,687.9505119453925,33.820952708062,0.44197952218430037,586,1,0.5341647297823434,-0.65545144474556
772,3563.243641231593,0.23190427135846178,487.09236947791163,23.278093438463223,0.45113788487282463,747,1,-0.34619785143305803,-1.920323725438068
773,5742.163758389262,0.21691012220232334,793.7906040268456,32.45882941463323,0.44966442953020136,745,1,0.4524818869040556,-0.9324030741978963
774,5498.4104278074865,0.203120815727833,715.1818181818181,29.264268490163225,0.45187165775401067,748,1,0.43966318015824674,-1.328257857360578
775,8707.032423208191,0.2045259321277846,623.2150170648464,22.712269810139105,0.44197952218430037,586,1,1.3392660449516642,-0.8935284761716326
776,4807.458108108108,0.27586174724507545,535.6567567567567,46.26156208187385,0.45,740,1,-0.9597077502696867,-0.5498268259629046
777,3966.670255720054,0.2679525770329469,349.3755047106326,28.5158900137308,0.44952893674293404,743,1,-0.8579536456233758,-1.5422779243121485
778,5913.8583617747445,0.2381655186699025,804.4249146757679,45.65682721153937,0.44197952218430037,586,1,0.14704798206086314,-0.21937264412263582
779,7140.711021505376,0.4080040860790266,702.3991935483871,79.76264316037907,0.4529569892473118,744,3,-2.2660007302476646,2.220365256857759
780,6555.258064516129,0.3862797778610664,791.2258064516129,74.63387904260676,0.4529569892473118,744,3,-1.9471009413963647,1.8902911593320555
781,4941.216397849463,0.3620030692001481,676.252688172043,71.51755234466566,0.45161290322580644,744,3,-2.1335530453967864,1.1373471329129514
782,5497.884253028264,0.23674055319662704,514.3755047106325,27.501625808962192,0.4508748317631225,743,1,-0.05467501576479778,-1.345252191278985
783,6855.085790884718,0.23231052092633656,679.5938337801608,31.68559883419692,0.45308310991957107,746,1,0.3391894079216431,-0.8056712327745724
784,7809.14535666218,0.29356265692071987,831.8721399730821,50.088792310668374,0.4508748317631225,743,3,-0.18433638212540462,0.6848244220946802
785,6474.911170928667,0.30932190036986584,560.1157469717363,38.9285350075057,0.4508748317631225,743,1,-0.682477702848811,-0.12580648144499115
786,3583.2674731182797,0.4070036805343918,556.5403225806451,82.24947675180601,0.45161290322580644,744,3,-3.233158536608323,1.4209633349231574
787,10228.610215053763,0.2556274496601344,1145.385752688172,38.19321082811391,0.4529569892473118,744,0,1.338128640443464,0.871715431720239
788,17977.429144385027,0.175584268631785,1722.0588235294117,26.572716667296177,0.45187165775401067,748,0,4.7359010371436865,2.113789727381598
789,3357.812415654521,0.18728968321505926,468.44669365721995,7.999780232349453,0.4493927125506073,741,1,0.3882429287738547,-2.798111015095632
790,7447.518120805369,0.22024928733923516,683.0201342281879,21.263645314907123,0.44966442953020136,745,1,0.9109767475025266,-1.0523733094142247
791,7628.940780619112,0.2847768857586108,809.6029609690444,42.70848912656325,0.4508748317631225,743,1,0.012385435256694064,0.32909289228980215
792,7415.235531628533,0.3311729404883915,694.9367429340512,69.57387143274019,0.4508748317631225,743,3,-1.279696984124025,1.3170056909483974
793,4831.78734858681,0.36114479548057205,458.6958277254374,67.45302836119772,0.4508748317631225,743,3,-2.3371599830010403,0.7028977858602178
794,3074.8991935483873,0.18841358941377226,522.3225806451613,9.57894159656643,0.4529569892473118,744,1,0.28021021847495725,-2.767739095896573
795,4563.946164199192,0.33001474149086624,469.32032301480484,63.108076460205076,0.4508748317631225,743,3,-2.0082574186640008,0.2662381609870284
796,7231.434724091521,0.29762189859930227,669.0148048452221,55.877178357224146,0.4508748317631225,743,3,-0.7205492145578972,0.5546740016613888
797,4152.092150170649,0.26651695021165384,410.79010238907847,31.049771134301402,0.44197952218430037,586,1,-0.6255068641501955,-1.2671600332637691
798,7479.155913978495,0.38201637395609805,904.260752688172,72.42892620022242,0.4529569892473118,744,3,-1.5032533512578639,2.120207546607686
799,9905.07133243607,0.20624496929335556,901.7254374158815,23.653624228132706,0.4508748317631225,743,0,1.7539382640137238,-0.35302817144138815
800,5372.410497981157,0.2552354331993195,502.9636608344549,32.121120580238106,0.4508748317631225,743,1,-0.3692821933552279,-1.0882642768345658
801,4810.578877005348,0.30143072343824345,471.6697860962567,47.49376385299032,0.45187165775401067,748,3,-1.3320022578505042,-0.3993574167303277
802,6834.049465240641,0.24807361281593865,523.7085561497327,39.746327809693824,0.45187165775401067,748,1,-0.20223255656852474,-0.6357956087195199
803,6064.457025920873,0.30688046808413744,494.10777626193726,46.60394813761409,0.45020463847203274,733,3,-1.0280611739789867,-0.08575495945936132
804,4905.9505119453925,0.22362391821750885,440.51706484641636,15.152908835455936,0.44197952218430037,586,1,0.33982919273306983,-1.9201132651131636
805,6124.226962457338,0.2827239737995422,576.9675767918088,47.23931590135212,0.44197952218430037,586,1,-0.5406139753595062,-0.05195715619913693
806,6811.686006825938,0.2932445081132487,527.0597269624574,58.39258435198086,0.44197952218430037,586,3,-0.8493731195850849,0.4262935179693434
807,9812.353020134227,0.1734394213876636,982.9543624161074,20.781224396324543,0.44966442953020136,745,0,2.220557597613645,-0.6165528205156343
808,7279.07123655914,0.2788716714723596,602.1048387096774,50.41425897527934,0.4529569892473118,744,1,-0.5540393267471944,0.12277469314741259
809,9395.676985195154,0.32090839672431004,804.0107671601615,64.83513681506084,0.4508748317631225,743,3,-0.5089278243836611,1.6172375923762323
810,5933.745625841184,0.21598331889619782,489.49528936742934,26.345247120258964,0.4508748317631225,743,1,0.1995293752230936,-1.5124178437752447
811,4129.270053475936,0.2120007375172523,682.6938502673797,21.466046761689093,0.45187165775401067,748,1,0.2440118291247688,-1.7815285503585605
812,6373.122311827957,0.32693331886797833,778.866935483871,62.1798594919169,0.4529569892473118,744,3,-1.1897533428528522,0.9553897862598583
813,5801.503373819163,0.20005635663910265,650.055330634278,29.052965289204096,0.4493927125506073,741,1,0.4925677441699769,-1.3613918867621222
814,8478.239946380698,0.30962662813141445,695.9584450402144,55.81739853469897,0.45308310991957107,746,3,-0.5699094594370522,0.9060880601127519
815,8522.385665529011,0.2605151319484526,828.2440273037543,28.153418817889474,0.44197952218430037,586,1,0.9930916071183948,0.0026331395067887096
816,5158.720053835801,0.2592391268964869,747.2166890982503,35.65035322414011,0.4508748317631225,743,1,-0.18984293560969612,-0.6574809801506197
817,21803.482620320854,0.21540116479936577,3137.7713903743315,32.69672464740837,0.45187165775401067,748,0,7.056168912831059,5.310493227474598
818,6111.60134228188,0.3157406823821272,635.8791946308725,61.42897395184437,0.44966442953020136,745,3,-1.2658883645905108,0.6307979979417075
819,6101.191176470588,0.20209498177295887,541.8622994652407,31.400990753102846,0.45187165775401067,748,1,0.2683784629378385,-1.397550735096903
820,12091.088737201366,0.17801013529281717,1093.1604095563139,21.10170625879076,0.44197952218430037,586,0,2.9643904313287113,0.1160003422511189
821,6938.455882352941,0.2665651042232722,852.0254010695187,43.18185319885553,0.45187165775401067,748,1,0.046438380816884846,0.09581876152841132
822,7751.52807486631,0.29390269503614536,639.2794117647059,43.964960034374926,0.45187165775401067,748,1,-0.3345407363080709,0.22362877247151264
823,5793.243315508022,0.2667954748081314,570.1363636363636,41.5371161228749,0.45187165775401067,748,1,-0.5499067715170393,-0.5543349192797115
824,6808.0187165775405,0.29745199554067503,860.3823529411765,39.40779683910017,0.45187165775401067,748,1,-0.12217180086823871,0.2454758767164693
825,4530.587030716723,0.20977450853147475,534.6245733788396,29.578538884790685,0.44197952218430037,586,1,0.1319584133815248,-1.5680540651150146
826,8847.041891891891,0.23559297330195686,774.168918918919,36.030065383103164,0.45,740,1,0.8083871178888747,-0.10225252363175667
827,12626.480589022758,0.2382392314838076,1647.2248995983937,3.167570648453425,0.4524765729585007,747,0,3.618467455535435,0.8568743046953279
828,5205.258064516129,0.32615138789063325,588.8561827956989,56.65150820908534,0.45161290322580644,744,3,-1.520680043019847,0.32236911889186903
829,5932.885906040268,0.24492962775635405,792.3234899328859,37.51912695738925,0.44966442953020136,745,1,0.12750135468702545,-0.5046835406242134
830,6167.504032258064,0.3257600795647328,527.4045698924731,59.24111048021615,0.4529569892473118,744,3,-1.5042557328486943,0.4766371830297659
831,12716.263795423956,0.2856869656425084,1582.4751009421266,53.360518920987566,0.4508748317631225,743,0,1.873612357302032,2.6749623818570667
832,6543.900671140939,0.23814349051327424,554.5771812080537,32.655714328030655,0.44966442953020136,745,1,0.09672518344541665,-0.9137381929667183
833,5520.166890982503,0.2660865368588723,507.47913862718707,43.18060355606498,0.4508748317631225,743,1,-0.7114378677439915,-0.6384555199070315
834,5865.635026737968,0.28614535280356174,640.2098930481284,52.52618701738867,0.45187165775401067,748,3,-0.8816567424513798,0.043675064960075116
835,5166.641200545702,0.30554751503199923,660.2291950886766,47.02449670724202,0.45020463847203274,733,3,-0.9754330389239306,-0.02954789723196936
836,5896.42876344086,0.3659118340858978,712.635752688172,69.31434606664307,0.4529569892473118,744,3,-1.888360090626525,1.323506415476187
837,3448.7874125874127,0.4377584994657378,458.041958041958,46.58685521594778,0.4489510489510489,715,3,-2.6605412473009973,0.5340007850141762
838,7969.2332439678285,0.24224715366507726,818.1890080428955,38.774396162308996,0.45308310991957107,746,1,0.49856889146077876,-0.11055415172252302
839,5194.334224598931,0.316958349610375,654.7994652406417,56.93019498770809,0.45187165775401067,748,3,-1.3663993840025395,0.3342996474078708
840,7370.21256684492,0.25929849754246714,1061.927807486631,42.84529002103443,0.45187165775401067,748,1,0.5030523267356316,0.3918147264949191
841,2994.787634408602,0.3690010668562761,414.46505376344084,70.02423956233531,0.4529569892473118,744,3,-2.9538501555312364,0.4087174287600441
842,18468.201365187713,0.20540657123566597,1147.8225255972695,14.727649473863865,0.44197952218430037,586,0,4.295168560076211,1.466591532404084
843,9464.820855614973,0.23384269336383087,1119.8836898395723,25.94199215206595,0.45187165775401067,748,0,1.667753149310154,0.15829961301046572
844,4187.685060565276,0.35214936986239365,456.61103633916554,70.49044123185483,0.4508748317631225,743,3,-2.4784933935991695,0.5854903891838491
845,4816.208108108108,0.21322166672021067,358.31081081081084,19.55171469591344,0.45,740,1,0.002275318565750619,-2.1152465683614046
846,9234.296096904442,0.30092132918327497,868.6325706594886,58.41356618348551,0.4508748317631225,743,3,-0.11778592650743995,1.3130064765270366
847,7137.848648648649,0.25254500466621305,1016.7054054054054,22.613625244711162,0.45,740,1,1.016841122338726,-0.3353759351991136
848,6613.156808803301,0.3021941762225089,752.2888583218707,37.533271647419305,0.4484181568088033,727,1,-0.23228662757110718,0.09137860678053883
849,8144.70320855615,0.21962546557340995,890.8195187165776,26.629151706562137,0.45187165775401067,748,1,1.1679506877151862,-0.5129108726620394
850,6196.937584803257,0.2922597786195241,655.550881953867,44.552188337651174,0.45454545454545453,737,1,-0.6897241420909657,-0.08232208998148174
851,5464.506825938566,0.22276295709444682,471.6552901023891,11.958252105212505,0.44197952218430037,586,1,0.5898536828905826,-1.8707162326011526
852,4619.4295302013425,0.29740918817384215,585.8590604026846,49.734016512373714,0.44966442953020136,745,3,-1.1869184663738876,-0.2224970344528529
853,9218.141700404858,0.23079302278192465,1018.6423751686909,36.02160854534272,0.4493927125506073,741,0,1.2860861390186626,0.26834060496268003
854,6606.811827956989,0.25981303807461886,685.2540322580645,32.73127029456344,0.4529569892473118,744,1,0.046474928589258085,-0.5711210211649338
855,5747.686909581646,0.29126072798541375,613.9487179487179,55.43876005507889,0.4493927125506073,741,3,-1.0086384847484144,0.1456965453890219
856,7135.181818181818,0.20580524479645312,959.1911764705883,34.244780852076616,0.45187165775401067,748,1,0.9715211765664786,-0.5138823279709164
857,7402.805369127517,0.23801735168365878,921.6724832214765,15.518600806134957,0.44966442953020136,745,1,1.2477960312695684,-0.7437706165420811
858,4731.278156996587,0.19935301280935855,416.50170648464166,28.437949975848465,0.44197952218430037,586,1,0.1197591323058511,-1.816208539853777
859,7476.668941979522,0.1822146015086954,724.3703071672355,15.615429498781127,0.44197952218430037,586,1,1.599751530864835,-1.3920365500032497
860,5746.924932975871,0.2567611718797279,730.1045576407507,26.696415496935337,0.450402144772118,746,1,0.17182676356656512,-0.8432674783882992
861,3480.559065934066,0.27445752410765367,507.7184065934066,32.21006521004799,0.45054945054945056,728,1,-0.9037209000117624,-1.26715808181215
862,8577.282085561497,0.24950761237962768,1122.3622994652405,32.05222959540872,0.45187165775401067,748,0,1.2005126884419581,0.30683328408112026
863,7689.631952662722,0.3583979116640675,918.0236686390532,52.903415478384886,0.4011834319526627,845,2,0.37218060120736096,2.0582711347401577
864,4258.072874493927,0.25646411752816967,586.8515519568151,46.88170459287625,0.4493927125506073,741,1,-0.8440002602868097,-0.7301500868243651
865,7549.191117092867,0.2258836595516959,637.8896366083445,22.2234282063538,0.4508748317631225,743,1,0.7702626146541334,-1.0325339479372329
866,6870.306040268456,0.2578492551645344,486.3409395973154,38.696313430042736,0.44966442953020136,745,1,-0.25338710661366476,-0.5964141632600622
867,4311.806682577566,0.3236394448801934,408.84486873508354,40.063521607677785,0.4045346062052506,838,2,-0.4987758849264021,-0.0038423742429262095
868,9566.448322147651,0.20002187894561405,653.6604026845638,24.08616134445473,0.44966442953020136,745,1,1.395729654955867,-0.7843541688272604
869,5989.719086021505,0.34114427938504316,874.1048387096774,64.91651796037478,0.4529569892473118,744,3,-1.32063274562602,1.216857406187726
870,6931.520380434783,0.1969274323799067,868.8111413043479,27.816095978161552,0.452445652173913,736,1,1.0297086997013367,-0.9478379716989005
871,6225.405369127517,0.27466627649222186,477.9006711409396,10.795803625042328,0.44966442953020136,745,1,0.1964668827389583,-1.389604764559136
872,8594.2866756393,0.2261193896659191,829.6406460296097,32.36056412211292,0.4508748317631225,743,1,0.9907564873182892,-0.2752397809115115
873,3843.7110215053763,0.257786091152889,458.43548387096774,37.66699786536392,0.4529569892473118,744,1,-0.9577008505382841,-1.2847053139195
874,4569.538770053476,0.22224180607171942,509.2807486631016,27.73749581170415,0.45187165775401067,748,1,-0.16146126476353834,-1.663148149987023
875,5075.3943472409155,0.2940969044011727,472.2934051144011,52.078178189032,0.4508748317631225,743,3,-1.3156667426795947,-0.26745693283071903
876,9168.96505376344,0.4336445043992748,1017.6532258064516,89.57801776964894,0.45161290322580644,744,3,-1.8380013458729507,3.566105617362491
877,6321.430429128739,0.24331813547594228,873.330299089727,29.448314501677054,0.43953185955786733,769,1,0.7645218189105,-0.4395690743067219
878,8738.666666666666,0.2765989864528784,798.0255376344086,48.95107235326695,0.45161290322580644,744,1,0.11113948542975809,0.6244061809735201
879,3741.858361774744,0.270189202238579,347.5580204778157,45.04141236181407,0.44197952218430037,586,1,-1.1971512514773361,-0.995201944219115
880,7475.780026990553,0.2108886669977862,789.0998650472335,33.93385405150235,0.4493927125506073,741,1,0.8182221566426517,-0.6145661292527043
881,4211.270524899058,0.3611896981075273,623.6231493943473,67.625849124872,0.4508748317631225,743,3,-2.2340618019684633,0.8154415026885119
882,6632.603001364257,0.24394241576230327,847.4856753069577,24.14822361813059,0.45020463847203274,733,1,0.6972702285960792,-0.697556060899822
883,4783.162853297443,0.27402344668386175,505.0901749663526,42.04964825401644,0.4508748317631225,743,1,-0.9014941307788882,-0.745292055925857
884,5496.267918088737,0.26611350008224327,527.0597269624574,38.05010850420194,0.44197952218430037,586,1,-0.36381593221006187,-0.6523450662977589
885,5444.0797297297295,0.2567712697130781,729.1594594594594,30.40585075799011,0.45,740,1,0.01947814924227797,-0.7900339433482567
886,6429.306864064603,0.2700638587500802,609.2045760430686,45.592564524332865,0.4508748317631225,743,1,-0.47532974699782093,-0.2207165811451046
887,6885.444293478261,0.29590909765131956,577.7364130434783,49.32049625886473,0.4483695652173913,736,3,-0.6823117885487859,0.19050921478896743
888,7954.939839572193,0.2187580779827427,741.4064171122994,22.621313135331274,0.45187165775401067,748,1,1.0279287567657243,-0.8771800070406902
889,4146.0470430107525,0.30073220501816555,454.2029569892473,55.28593422537653,0.45161290322580644,744,3,-1.6865970986204413,-0.3278621840451136
890,5691.2150170648465,0.27079913539378936,443.3924914675768,43.17939405181372,0.44197952218430037,586,1,-0.6161290243522118,-0.5400048352039001
891,8007.485135135135,0.24229009328586049,1104.6013513513512,20.486632883028815,0.45,740,0,1.460644091589844,-0.2007930676364226
892,7615.615591397849,0.3697221842733322,782.4529569892474,72.57577595441617,0.4529569892473118,744,3,-1.5523556594387036,1.8754506735751444
893,6404.232081911263,0.2017491945752489,830.7423208191126,29.943296056277113,0.44197952218430037,586,1,0.9955906018572173,-0.8649498920600509
894,8480.224489795919,0.31224039115503266,1038.0979591836735,63.25009967518484,0.454421768707483,735,3,-0.32609508471289,1.5958057986100593
895,9284.798920377867,0.18718609451027088,880.6774628879892,25.57986357394002,0.4493927125506073,741,0,1.7336253907121628,-0.5940106404103994
896,6924.827540106952,0.20443136971218898,1087.3275401069518,15.953000760658723,0.45187165775401067,748,1,1.6023696061196648,-0.9196601427970988
897,3505.843665768194,0.5270604039889989,346.2021563342318,15.018906897857049,0.45148247978436656,742,3,-2.765221478111851,0.2344634303894998
898,6622.112600536193,0.43649015181217043,711.5080428954424,91.72701818924729,0.45308310991957107,746,3,-2.9092071412145994,2.7291505533916345
899,5285.225806451613,0.4056655507449819,565.388440860215,83.47793918808748,0.4529569892473118,744,3,-2.9209995341304795,1.7650947757517226
900,5802.897610921502,0.20001478237105383,547.0358361774744,31.165073032616043,0.44197952218430037,586,1,0.4492272148044111,-1.3481076779835306
901,7238.477272727273,0.26832335102783905,640.4050802139037,44.057179304208724,0.45187165775401067,748,1,-0.23139320685583717,-0.09567431610820501
902,4941.953924914676,0.1848600181366851,634.7986348122867,13.128281440169728,0.44197952218430037,586,1,0.994910515513372,-2.04756154453015
903,11720.481228668941,0.19001618648646507,818.3754266211604,17.182207604841974,0.44197952218430037,586,0,2.5005857417599056,-0.33838292438584217
904,6026.930034129693,0.2339982995212247,516.0034129692833,30.422456921549156,0.44197952218430037,586,1,0.19231585403125553,-1.0696866819356234
905,8626.565275908479,0.3083492370973463,1281.207267833109,34.87583217335498,0.4508748317631225,743,0,0.9030957778614211,1.146500809050323
906,10945.781208053691,0.2453948389691476,1273.8053691275168,39.81675842258142,0.44966442953020136,745,0,1.7802906738728639,1.1827017705557006
907,6252.162853297443,0.22568252577495604,828.9623149394347,18.977457330236664,0.4508748317631225,743,1,0.8634494851837455,-1.1144895017687195
908,4247.897986577182,0.37449801021280443,364.10604026845635,81.86564848604509,0.44966442953020136,745,3,-3.0536220078938525,1.0114977733473167
909,10537.23076923077,0.260903979025309,1015.2119658119658,51.7277031837346,0.4427350427350427,585,0,1.0359898048220173,1.3190129806983224
910,5702.241935483871,0.29279392570478896,574.6881720430108,50.789600007911176,0.45161290322580644,744,3,-1.0120655695949357,-0.06556654945365617
911,9886.212566844919,0.2272990425772208,910.7927807486631,33.47693841656793,0.45187165775401067,748,0,1.311681964494614,0.11282129879426908
912,5762.994652406417,0.23668466409070332,760.1136363636364,12.078461217163396,0.45187165775401067,748,1,0.7343463370438563,-1.4172176749475494
913,8903.104054054054,0.2771622560835444,1165.6432432432432,53.02631750858509,0.45,740,0,0.5926632754443824,1.3020461666057679
914,9518.5,0.24965216769712498,1137.5975935828876,41.16243685547484,0.45187165775401067,748,0,1.1753768320438742,0.7722011232181287
915,6309.633105802048,0.2506572951594033,514.0358361774744,8.498806818138362,0.44197952218430037,586,1,0.6864090064202594,-1.5053604059867416
916,5374.62972972973,0.20556185294188623,705.8175675675676,27.52251282575588,0.45,740,1,0.4666121517816866,-1.3700065934858354
917,6716.823687752355,0.29980660903242234,744.1695827725438,52.251339568158826,0.4508748317631225,743,3,-0.6417069579758947,0.47362703976635806
918,5192.3387096774195,0.3159702903416008,555.2069892473119,56.133595274326055,0.4529569892473118,744,3,-1.503203298237036,0.15221188323973084
919,5533.11452991453,0.2978455452902379,678.1282051282051,58.07601747916481,0.4427350427350427,585,3,-0.9418098830945755,0.41062684220611906
920,5731.701365187713,0.20877268303843302,580.2798634812286,25.84269187613511,0.44197952218430037,586,1,0.550025112155483,-1.3928935758058332
921,9530.49059139785,0.3120371852827438,1102.641129032258,51.09971028417123,0.4529569892473118,744,0,0.3334950598038156,1.550192772893277
922,7404.726657645467,0.20501864520624066,715.1041948579161,21.279003533535032,0.45331529093369416,739,1,0.9941644817759676,-1.1964040809691938
923,5313.92513368984,0.13973176236217638,638.7312834224599,18.23067631183384,0.45187165775401067,748,1,1.100852401885779,-2.345892904114986
924,4768.819650067295,0.3007282204404128,452.85464333781965,56.897966672945174,0.4508748317631225,743,3,-1.587095700585746,-0.1548431543627608
925,6666.506139154161,0.25521545033047033,1193.9017735334244,11.803770922819368,0.45020463847203274,733,1,1.4303614170356094,-0.47449335110518204
926,7264.150740242261,0.27560029847036926,543.7240915208614,43.543157274797444,0.4508748317631225,743,1,-0.38888801767603437,-0.16125767768999133
927,6566.351902173913,0.319662871338223,874.6725543478261,50.5378923276031,0.452445652173913,736,3,-0.6374415833157171,0.7291983804649861
928,8027.668909825034,0.30919808850795055,695.563930013459,51.26291479436491,0.4508748317631225,743,3,-0.4927982396107793,0.7117934925881475
929,5812.717914438503,0.229444212085361,712.4171122994652,33.31411140221257,0.45187165775401067,748,1,0.17860165031471012,-0.9228632601755509
930,7165.323014804845,0.245094305593106,1175.3526244952893,26.49524575905605,0.4508748317631225,743,1,1.1893915460842037,-0.0774622510493576
931,3537.138055222089,0.3402127519097339,434.6206482593037,44.56920576333313,0.4069627851140456,833,2,-0.9268350567702244,0.12919616086957145
932,7392.461669505962,0.25405510821488375,732.1192504258944,44.718369534498265,0.44293015332197616,587,1,0.22176304944614464,0.06517064667403519
933,7332.259408602151,0.3313193894003985,908.108870967742,52.952151891168874,0.4529569892473118,744,3,-0.6020724846166499,1.0874252496234633
934,6768.652759084792,0.27375956175532534,681.7631224764468,47.93942285602092,0.4508748317631225,743,1,-0.39386931151318705,0.04386009012555242
935,5637.610962566845,0.2972931443583113,600.8756684491979,44.23316242666381,0.45187165775401067,748,1,-0.8582987301006462,-0.19523000272437435
936,7085.826379542395,0.2018382954187862,896.0417227456259,27.35856427333596,0.4508748317631225,743,1,1.105675030815508,-0.831251325946755
937,7217.9677852349,0.26271446843043816,585.5677852348994,40.18354051952355,0.44966442953020136,745,1,-0.11916687978006578,-0.3082940053236102
938,9400.4692513369,0.2047530605534426,964.5427807486631,31.227431594632638,0.45187165775401067,748,0,1.5321731228247073,-0.1702055973460898
939,5984.103633916555,0.247594918440574,578.2018842530283,32.83723900223538,0.4508748317631225,743,1,-0.09250908961377682,-0.9150506799302559
940,7238.668010752688,0.2732213510890121,743.6626344086021,43.38821079897623,0.4529569892473118,744,1,-0.12968876393942488,0.05585420845544553
941,5012.899317406143,0.2506223997185083,554.3720136518772,46.262232583879424,0.44197952218430037,586,1,-0.5127743586680352,-0.6064539140675365
942,6039.5704697986575,0.2618571159162008,469.9637583892617,38.12140771353603,0.44966442953020136,745,1,-0.46509706903035897,-0.7588630457293816
943,6962.5464333781965,0.21483280545898625,606.35666218035,24.178289650812818,0.4508748317631225,743,1,0.6439128726821021,-1.2286815178211297
944,7967.141711229947,0.2785319814485845,1234.7606951871658,19.000456502471156,0.45187165775401067,748,0,1.3405495299484704,0.222569642248637
945,4378.600267379679,0.2536198672428183,532.6831550802139,33.26492788337486,0.45187165775401067,748,1,-0.5690646243158954,-1.2312112903754344
946,4199.165545087483,0.2705644352973081,533.4468371467026,49.742077716103736,0.4508748317631225,743,1,-1.1544594186781743,-0.626166462791224
947,8431.706122448979,0.20675832282330017,1144.2108843537414,18.329410909185818,0.4530612244897959,735,0,1.886229655926514,-0.47962316028777957
948,6865.538374717833,0.2650490625509733,1693.1704288939052,2.7561818448437316,0.3837471783295711,886,2,3.7618489897004377,0.9084940886717439
949,5351.485294117647,0.34486713523179263,497.8181818181818,73.71324721950026,0.45187165775401067,748,3,-2.2269196198222434,0.8807102662382361
950,5735.902571041948,0.2774590928607836,562.5629228687416,52.44672450118769,0.4506089309878214,739,3,-0.9189764806424818,-0.1503532821638888
951,7769.938088829072,0.24703671425384993,720.1022880215343,35.972480376325706,0.4508748317631225,743,1,0.3991457909422328,-0.2938720998574
952,6598.776450511946,0.19711489922603054,531.9573378839591,16.6293014708289,0.44197952218430037,586,1,0.9962379009182222,-1.6624756314417095
953,5325.686327077748,0.35570428373675816,544.1890080428955,66.12226673429743,0.45308310991957107,746,3,-2.0814608880039502,0.8000547320666386
954,6986.932705248991,0.29319650562575206,910.0767160161507,46.238729663072625,0.4508748317631225,743,1,-0.13755752140245048,0.5202057018630276
955,4708.21265141319,0.2951291084406787,456.69313593539704,40.99948773696953,0.4508748317631225,743,1,-1.1311438573014292,-0.6701734056089772
956,3894.1472972972974,0.38687110293377364,500.79459459459457,51.11327031459958,0.45,740,3,-2.2327837814015945,0.3467205376950651
957,7901.633689839572,0.31797344825832957,852.5120320855615,58.64483974480756,0.45187165775401067,748,3,-0.5814270042634989,1.1807389416170175
958,4267.973262032086,0.22903703221368146,565.7219251336899,31.132205156866604,0.45187165775401067,748,1,-0.28749397718802144,-1.485482602649281
959,7047.506684491978,0.27354306954099233,745.2967914438502,46.873967096001685,0.45187165775401067,748,1,-0.23749194041234942,0.13883858614427785
960,6707.275167785235,0.2661280133145914,552.6684563758389,44.199507873998456,0.44966442953020136,745,1,-0.40431162445828533,-0.30470980285341265
961,6529.686406460296,0.22496249620559342,691.321668909825,29.36818350655026,0.4508748317631225,743,1,0.45724935355594365,-0.9557724879742022
962,6704.18904109589,0.32033706125631717,912.9534246575342,58.308144538022276,0.4520547945205479,730,3,-0.7554990473134695,1.0434411389544365
963,10756.956931359355,0.4194118567421554,1018.2436069986541,83.05510836317931,0.4522207267833109,743,3,-1.2364128588191778,3.548661464077068
964,9801.926630434782,0.24464118882213393,1399.1440217391305,35.333139069434935,0.452445652173913,736,0,1.7886214848255386,0.9643888768270948
965,8513.142281879194,0.29505272676095406,909.3248322147651,47.9093673362488,0.44966442953020136,745,1,0.1416805357954541,0.8907115137824083
966,4827.017496635262,0.21967029108673253,612.7267833109017,34.191045591325924,0.4508748317631225,743,1,-0.08785898607838927,-1.2959070961471222
967,8676.010767160162,0.2556716406976399,930.8788694481831,38.296064825130685,0.4508748317631225,743,1,0.754501730296732,0.3110305832280732
968,7187.887096774193,0.2525361851411132,877.2217741935484,40.80046479792089,0.4529569892473118,744,1,0.2877107246467152,-0.028205810710094103
969,3477.157162726008,0.26928305739422526,594.826147426982,37.483797678612454,0.4506258692628651,719,1,-0.8777155112570627,-1.0426924597143974
970,3321.358389261745,0.3577093293251922,402.9127516778523,65.89665818292032,0.44966442953020136,745,3,-2.6321753394074605,0.27788787845560914
971,8244.766621438263,0.2914773848598058,985.1071913161466,40.09904703360366,0.451831750339213,737,1,0.38256659089352074,0.6585414710080152
972,3432.0,0.4313328755207367,389.43393393393393,82.72611466287762,0.45645645645645644,666,3,-3.817945101310455,1.3306180427602619
973,6418.783310901749,0.29960455692896903,789.7873485868103,42.22664060305616,0.4508748317631225,743,1,-0.373143785143714,0.18749963247143306
974,11501.034129692833,0.18731036823483882,1561.0392491467576,29.30941458785964,0.44197952218430037,586,0,3.2196824787488634,0.9628738400864372
975,7733.382234185733,0.2634106978529918,747.4118438761776,41.84839867688858,0.4508748317631225,743,1,0.14247075144194726,0.05073168656060227
976,6987.730820995962,0.31099687096878714,720.4872139973082,59.67022443204908,0.4508748317631225,743,3,-0.9060875465863699,0.806110470371201
977,4794.628620102215,0.38165315622763935,513.1618398637138,83.63988394252235,0.44293015332197616,587,3,-2.689661664026211,1.5191057084073174
978,7211.764784946236,0.2736501093038941,973.9516129032259,42.68945200548071,0.4529569892473118,744,1,0.20835594341841343,0.3494690080934555
979,6251.565683646113,0.29686920295710106,637.1769436997319,56.15880153895236,0.45308310991957107,746,3,-1.0156890906082483,0.2975717920472652
980,7067.656796769852,0.2786594677339283,559.7913862718708,50.26084500000897,0.4508748317631225,743,1,-0.607581328682674,0.04436900433472089
981,7320.866935483871,0.27473955585789,756.6854838709677,43.98967683319081,0.45161290322580644,744,1,-0.09368083344090157,0.13707520696593886
982,8048.948924731183,0.2953755855842898,692.2123655913979,51.05662887072965,0.4529569892473118,744,3,-0.4192040496669639,0.55725844036087
983,10360.066395663956,0.3124711335326542,1395.2073170731708,36.32330531670129,0.453929539295393,738,0,1.2848369692644108,1.6735002802108518
984,6063.921621621622,0.29998308172407945,741.295945945946,47.396962827425966,0.45,740,3,-0.6352843594097513,0.21715466952605858
985,8378.690958164643,0.2701134311609811,774.5802968960863,25.095535059441872,0.4493927125506073,741,1,0.7301398602924737,-0.19538698196960952
986,6285.336956521739,0.3421089734455171,838.1711956521739,43.22560078985351,0.453804347826087,736,3,-0.768164190546538,0.5948871366115173
987,6861.10294117647,0.29978150706897716,870.2954545454545,49.61029293179806,0.45187165775401067,748,3,-0.3838458127850439,0.584689722904985
988,4679.195187165776,0.2113463739262663,718.99064171123,24.876383880213705,0.45187165775401067,748,1,0.32465398347213703,-1.5339395679269232
989,5233.0,0.2590479075481666,573.4692832764505,43.95985905066688,0.44197952218430037,586,1,-0.44885564952066026,-0.530555911527776
990,6410.860215053764,0.26967018855209773,574.2715053763441,44.28999250661749,0.4529569892473118,744,1,-0.5361125488970592,-0.3393904528980674
991,5756.209959623149,0.23530478951172712,538.3364737550471,19.82304475950373,0.4508748317631225,743,1,0.2457831417677251,-1.497751250922093
992,5749.017496635262,0.26488457023760253,706.2678331090175,46.76060431280861,0.4508748317631225,743,1,-0.4647435915933196,-0.22975099469116836
993,7618.8494623655915,0.2834530722103248,755.3252688172043,49.07436222050597,0.4529569892473118,744,1,-0.2678675711855386,0.39904719574587505
994,4529.114401076716,0.3789651388598945,442.78600269179003,79.58067946569703,0.4508748317631225,743,3,-2.8860386467582075,1.1309954735367542
995,9259.248655913978,0.23219518955131424,789.5685483870968,35.95651758318747,0.4529569892473118,744,1,0.8815381562654401,-0.07170794570123934
996,6487.75512995896,0.34447488198171505,697.1463748290014,61.57104023208467,0.454172366621067,731,3,-1.4364363973394925,0.987172379927499
997,5168.302013422819,0.3070388984010454,413.6335570469799,53.08314330091138,0.44966442953020136,745,3,-1.4867206962295354,-0.17161621304603072
998,4303.744939271255,0.20249330816117758,534.2402159244265,29.213782968758316,0.4493927125506073,741,1,-0.004532169058237852,-1.7799680819834378
999,9188.141129032258,0.3383393476785842,662.3306451612904,68.56041145942352,0.4529569892473118,744,3,-1.0387059661225195,1.6188158105797874
1000,7474.979522184301,0.2011358437318355,683.7781569965871,26.89423838493455,0.44197952218430037,586,1,1.09071363134205,-0.9550433107780488
1001,5403.482573726542,0.334030272766386,621.7372654155496,63.79773005833286,0.45308310991957107,746,3,-1.716425298538843,0.6627996553474594
1002,6029.54679144385,0.23083045357040383,716.1417112299465,29.406129700422557,0.45187165775401067,748,1,0.31963277907171883,-0.9770990969721023
1003,7418.578734858681,0.350739134340255,778.4374158815613,68.18609008559406,0.4508748317631225,743,3,-1.2835218286200847,1.5642720550124947
1004,5142.162116040956,0.28216508057937123,450.4795221843003,46.42345230133197,0.44197952218430037,586,1,-0.8968976226816044,-0.4412437818244389
1005,6210.841184387617,0.21316264001902357,938.7469717362046,29.565487102035615,0.4508748317631225,743,1,0.8363632659783554,-0.7763750777064355
1006,6351.977150537635,0.2570359043865063,866.0174731182796,33.437989395571435,0.45161290322580644,744,1,0.28510960133802826,-0.3595478081785289
1007,6980.6831550802135,0.26972041534363833,816.4745989304813,30.509694988310297,0.45187165775401067,748,1,0.3109951837698873,-0.2833254104202289
1008,5315.882352941177,0.25999264451272247,717.2032085561498,46.291296869828294,0.45187165775401067,748,1,-0.5070580259095347,-0.3667871379026779
1009,4764.837883959044,0.219053922592431,458.2866894197952,31.729307042156492,0.44197952218430037,586,1,-0.06127108920273776,-1.4837930134545028
1010,8844.288770053476,0.26978027396738513,808.0548128342245,30.802390256605683,0.45187165775401067,748,1,0.6735511725850628,0.07024854336886895
1011,7918.566621803499,0.26111233962255964,951.650067294751,37.72452473287367,0.4508748317631225,743,1,0.5990610626257433,0.22615597169839086
1012,6073.6672354948805,0.21438504722110416,519.0563139931741,17.430072421748267,0.44197952218430037,586,1,0.707635822458083,-1.6050907835990005
1013,4015.815612382234,0.3309348217582227,446.1265141318977,61.17618114405751,0.4508748317631225,743,3,-2.110787623792897,0.08201123552447906
1014,12311.42530282638,0.3705418101738517,1363.707940780619,68.96793283021356,0.4508748317631225,743,0,0.37429261114000634,3.4973948469997747
1015,6033.421265141319,0.2520982787407155,492.86810228802153,37.461028568784805,0.4508748317631225,743,1,-0.3623569702674455,-0.8490402866903569
1016,5402.022880215343,0.357492041370139,500.8250336473755,71.06015625852241,0.4508748317631225,743,3,-2.224645900148681,0.9416098417601254
1017,7248.252387448841,0.23709386344455718,1022.7612551159618,35.43153063077529,0.4529331514324693,733,1,0.7756092496295698,-0.10852509617062446
1018,11780.201072386059,0.24330464932063564,1364.8605898123324,24.060127984684666,0.4517426273458445,746,0,2.467694237150723,0.9666359958843107
1019,9105.974446337308,0.28688714682659777,757.434412265758,45.9803643697693,0.44293015332197616,587,1,0.30802910368752745,0.7531342211120693
1020,9052.814765100671,0.2025047053521442,1115.393288590604,20.614455995281432,0.44966442953020136,745,0,2.020145075891961,-0.32905132435242745
1021,8843.468664850136,0.16588195183553572,1060.2425068119892,12.8033843088909,0.45231607629427795,734,0,2.346350811573937,-1.0265598163582637
1022,7339.07671601615,0.2925245608779022,826.7537012113055,47.34436167355796,0.4508748317631225,743,1,-0.2076892402579678,0.4995000528933579
1023,6175.920698924731,0.2981260545954967,633.9852150537635,39.7725396061072,0.4529569892473118,744,1,-0.6134739109960838,-0.1823356113517193
1024,6141.483957219251,0.22630498460806536,787.9197860962566,27.221323198480302,0.45187165775401067,748,1,0.5394414227989489,-0.9605290176049476
1025,7420.87972972973,0.1812531136934478,866.8945945945947,30.860954698936794,0.45,740,1,1.2281585654499105,-0.87629918627632
1026,9513.1399730821,0.29066800067353976,1184.4481830417228,53.88562808683698,0.4508748317631225,743,0,0.5930217088913029,1.577232378943092
1027,13113.664395229984,0.28275391107656406,1661.6660988074957,50.93028042941915,0.44293015332197616,587,0,2.32591174841884,2.8631716042761894
1028,4724.246298788695,0.37604158224848805,548.2987886944818,74.69315879855871,0.4508748317631225,743,3,-2.543189132391235,1.1456137911092608
1029,5426.8696236559135,0.36719304495022526,759.2325268817204,63.752434189123676,0.45161290322580644,744,3,-1.754106595780256,1.1649632756715997
1030,3611.3709677419356,0.3977337141846819,332.85483870967744,80.37708411961904,0.45161290322580644,744,3,-3.42172306241463,0.9843475024359438
1031,4848.246298788695,0.30960626651182177,419.13458950201886,59.18433836582342,0.4508748317631225,743,3,-1.751557056179556,-0.04145648874607781
1032,9204.696236559139,0.31982028533780776,968.358870967742,53.48542717991568,0.45161290322580644,744,3,-0.022653076415621646,1.458655648750817
1033,13860.326203208557,0.23689904120508526,1301.49064171123,42.05525148887767,0.45187165775401067,748,0,2.3820006040669925,1.7395656214592772
1034,6519.208333333333,0.4137766069894797,732.3185483870968,79.73157683726187,0.4529569892473118,744,3,-2.3973574891213256,2.192538204226405
1035,4884.095430107527,0.3932488828810411,579.7567204301075,79.84268110390612,0.4529569892473118,744,3,-2.7858879194855355,1.4935599621268676
1036,4984.205921938089,0.22367800650184225,472.33109017496633,25.30207820866675,0.4508748317631225,743,1,-0.055590218901613676,-1.6796855904250492
1037,6940.221774193548,0.2547958028642755,879.3185483870968,31.407556459726628,0.45161290322580644,744,1,0.4965108368225819,-0.3073873333754366
1038,5904.339590443686,0.23713314999910173,513.6757679180887,31.41660627846095,0.44197952218430037,586,1,0.11207978815253652,-1.0399225930896379
1039,8192.131972789115,0.2835804557223658,1041.7210884353742,24.62571344950336,0.4489795918367347,735,1,0.9841301646691935,0.24490326601986748
1040,8707.629878869448,0.2805481804698025,869.9528936742934,48.1906469199964,0.4508748317631225,743,1,0.21085733298639286,0.7390332422689043
1041,6104.81228668942,0.17277649476937973,657.1825938566553,22.178689364884736,0.44197952218430037,586,1,1.127137614797272,-1.6395730188582947
1042,4139.261103633917,0.2912228596529036,549.4629878869448,45.85199354248481,0.4508748317631225,743,1,-1.2109008342075784,-0.546064124741466
1043,8827.952956989247,0.26982906535299184,1212.9744623655913,28.70448375400118,0.45161290322580644,744,0,1.3084075119261676,0.5643422936554114
1044,6655.726045883941,0.24559954734019646,898.9797570850202,32.757603933458725,0.4493927125506073,741,1,0.5534600430911887,-0.3489245991767341
1045,7465.588585017836,0.3321497627144036,907.0879904875148,37.85937435011636,0.40309155766944116,841,2,0.8792417458143894,1.310160122021601
1046,8683.513440860215,0.2931000590323172,683.8978494623656,50.06255002283827,0.45161290322580644,744,3,-0.2273065941077372,0.6352555707966386
1047,4886.2067567567565,0.2974682876837731,526.8648648648649,56.65249566003718,0.45,740,3,-1.4055109559331491,-0.05594030704961527
1048,6859.835341365462,0.2890631838445536,530.6626506024096,45.364564037266085,0.4524765729585007,747,1,-0.6827787495928477,-0.10522433840617616
1049,3997.6911262798635,0.21558505515460863,637.1075085324233,34.628746990728615,0.44197952218430037,586,1,-0.011232210874098385,-1.3323953531466004
1050,7406.307382550335,0.2612103573838917,519.1946308724832,37.60908915894289,0.44966442953020136,745,1,-0.0953862568909723,-0.45083418608414355
1051,7464.028767123287,0.2724340657360144,1006.0246575342466,48.60978518560878,0.44931506849315067,730,1,0.2384533032870271,0.6478585533645513
1052,7284.519515477793,0.26936019444224435,760.114401076716,46.05452492730369,0.4508748317631225,743,1,-0.0906188496166512,0.15639372754201433
1053,8959.887700534759,0.28831518387003613,1012.7286096256685,56.13941848023746,0.45187165775401067,748,3,0.17307074993845437,1.2683683250722635
1054,6022.4077540106955,0.29772965883333574,618.0427807486631,50.56385410356856,0.45187165775401067,748,3,-0.9244219522331757,0.08867155089670542
1055,7932.392235609103,0.242201269836536,993.4672021419009,36.607151835370864,0.45113788487282463,747,1,0.8400454894708528,0.08371873237594721
1056,3828.161839863714,0.29223048393515144,365.9437819420784,26.463475692854715,0.44293015332197616,587,1,-0.8664869738345617,-1.3083424203352731
1057,6438.302139037433,0.21959702869332995,642.6791443850267,20.63722598071454,0.45187165775401067,748,1,0.6206942422407872,-1.3520751512354365
1058,7276.71467025572,0.28984417288644143,704.1749663526246,49.40777339340839,0.4508748317631225,743,3,-0.42768199276423624,0.3558492423797073
1059,8408.965240641712,0.21794164119896303,1154.8101604278074,28.663665443045794,0.45187165775401067,748,0,1.5594854963889961,-0.057132682067613204
1060,7332.808882907133,0.25790424276844226,851.9475100942127,42.19888024608088,0.4508748317631225,743,1,0.24529784463294046,0.07885311100277251
1061,7332.228070175439,0.24310907586211117,552.4898785425102,23.3943146089613,0.4493927125506073,741,1,0.46379894892555484,-0.9865275031674552
1062,6416.632570659489,0.2838899101596397,594.3257065948856,53.842679878117785,0.4508748317631225,743,3,-0.8287620294957414,0.1168929743266238
1063,4266.850267379679,0.26011460635625094,531.8622994652407,41.39853791602117,0.45187165775401067,748,1,-0.859723930395902,-0.9612849759370433
1064,9450.267833109017,0.21913546079996582,1071.4952893674295,32.22409720387228,0.4508748317631225,743,0,1.5725472151502067,0.15382652594093324
1065,4192.353242320819,0.2609995134035356,485.48976109215016,43.447840317291664,0.44197952218430037,586,1,-0.7907144613010492,-0.8474192643577619
1066,11150.864064602962,0.1717443826920204,1135.2691790040376,19.607786314860405,0.4508748317631225,743,0,2.731670287908884,-0.21642495278170218
1067,5728.665529010239,0.22012206364639347,488.91808873720134,30.113566156294514,0.44197952218430037,586,1,0.21405387951750532,-1.2949950920906295
1068,4431.697705802969,0.25509225281725084,309.2091767881242,26.350785323363198,0.4493927125506073,741,1,-0.6548285455620729,-1.6826316179343739
1069,6308.7171581769435,0.353620604944773,797.3605898123325,61.64234205417044,0.45308310991957107,746,3,-1.3835716110737786,1.1865053291613632
1070,7027.294117647059,0.2558244345931685,869.7874331550802,31.939977665031016,0.45187165775401067,748,1,0.4728688763146877,-0.2825905715646325
1071,6027.700534759359,0.22569880216464563,730.0614973262032,37.115926047293094,0.45187165775401067,748,1,0.17885201037652895,-0.7807332979837138
1072,6813.563930013459,0.29066427518323906,642.749663526245,52.49910506722878,0.4508748317631225,743,3,-0.6983031397115186,0.2798838360519611
1073,7189.710632570659,0.24036738298178278,914.086137281292,34.914417158734985,0.4508748317631225,743,1,0.6392365171381915,-0.22863270236793068
1074,5152.439516129032,0.2826168767113597,558.1505376344086,46.19908543587907,0.4529569892473118,744,1,-0.9736133650066431,-0.4326041648024619
1075,11481.114973262032,0.13878712685574834,1094.1644385026739,6.059999665669162,0.45187165775401067,748,0,3.344639127055161,-0.9043170276115051
1076,3607.271870794078,0.2816886445058975,546.1480484522207,38.88431486880884,0.4508748317631225,743,1,-1.0640703959695255,-0.9377430516029179
1077,4498.368775235532,0.28859246607828654,497.6837146702557,53.018084183756066,0.4508748317631225,743,3,-1.37754244333801,-0.3643140442638871
1078,6773.278002699055,0.31841097214725206,521.8529014844804,60.36556071720397,0.4493927125506073,741,3,-1.280915138017728,0.5973890232870785
1079,8698.068456375839,0.29892104215285525,690.6120805369128,59.541350966107444,0.44966442953020136,745,3,-0.4693842594615705,0.9971088372097814
1080,10149.131399317406,0.1768699827657093,839.9914675767918,22.148607778502974,0.44197952218430037,586,0,2.186010376109218,-0.5813540907197349
1081,5894.146853146854,0.36636359760539794,933.4475524475524,61.73716573752006,0.37902097902097903,715,2,0.20238023746796363,2.3408750250292885
1082,7070.245967741936,0.28230630078628377,1040.625,36.059882891257026,0.4529569892473118,744,1,0.3775594770851713,0.29830838701939455
1083,5117.918120805369,0.24201469837910167,359.38255033557044,20.435775551326824,0.44966442953020136,745,1,-0.18587718261343208,-1.7725428419461564
1084,6272.935656836461,0.1969700702523033,809.6528150134048,25.635168882493097,0.450402144772118,746,1,0.9105610478346595,-1.1916041028076572
1085,7592.56550802139,0.2569001094086052,763.298128342246,48.19482894123785,0.45187165775401067,748,1,0.001694276689143607,0.15911417068461414
1086,7765.36644295302,0.39530652975789843,847.6577181208054,72.9294801095127,0.44966442953020136,745,3,-1.5767660860258814,2.2704957718029712
1087,6266.085561497326,0.21844118274713006,615.0414438502673,29.43252974942276,0.45187165775401067,748,1,0.3245834993146307,-1.1787120530969513
1088,5094.274562584118,0.3153763486227857,486.9515477792732,60.9689232210588,0.4508748317631225,743,3,-1.6982552815919525,0.20082793688098974
1089,10152.573351278601,0.22563647673623252,1004.7173620457604,27.36962415452308,0.4508748317631225,743,0,1.6956139682861788,0.11358746106736389
1090,6452.2970430107525,0.3675300837337513,786.8602150537635,68.5758517664044,0.4529569892473118,744,3,-1.662106849439768,1.5242232123774198
1091,8254.739304812834,0.26504561807927357,696.9264705882352,43.41302776971362,0.45187165775401067,748,1,0.10173448079218922,0.12835926365383762
1092,11927.532423208191,0.15586667909854665,1165.6535836177475,12.3247418050785,0.44197952218430037,586,0,3.4457632522071173,-0.2649792717020302
1093,8332.743279569893,0.23403337344976893,871.0349462365591,25.96289430234519,0.4529569892473118,744,1,1.0546919328133668,-0.4099801055282626
1094,4552.744027303755,0.22389463185691078,373.6075085324232,11.236958671752406,0.44197952218430037,586,1,0.27229229885480716,-2.1900092524508454
1095,4788.4919571045575,0.28441530185355496,678.6581769436997,47.54098317207084,0.45308310991957107,746,1,-0.9289499258666226,-0.2841586835294984
1096,5437.724091520861,0.28863246857362124,634.0484522207267,39.028496264657576,0.4508748317631225,743,1,-0.623261367447034,-0.40229224257703927
1097,9700.266666666666,0.19597462224376405,2411.581111111111,11.06703816142807,0.38333333333333336,900,2,5.725686557500243,2.070021036110265
1098,5269.065860215053,0.3189540846597387,712.4502688172043,55.72566709413247,0.4529569892473118,744,3,-1.2766900392174025,0.3965871614957839
1099,7714.761457109284,0.27518577822952994,974.4582843713279,35.016688744794855,0.3983548766157462,851,2,1.668615208495088,0.9252967212526431
1100,5427.34693877551,0.37734299860268633,671.9224489795919,77.27978362955969,0.4530612244897959,735,3,-2.3475698564237484,1.5078929971819317
1101,9962.247326203209,0.2536100456962134,989.5748663101605,43.82912467153753,0.45187165775401067,748,0,0.952854146834444,0.7663928778850354
1102,7009.194539249147,0.1807213246958548,708.8122866894198,25.731514727262468,0.44197952218430037,586,1,1.2283559090885956,-1.2233489827866701
1103,4978.123489932886,0.2886971431413456,383.4456375838926,39.10282258003841,0.44966442953020136,745,1,-1.0519973892141612,-0.8151403663442818
1104,5455.580204778157,0.23513809458322163,431.49658703071674,30.08301160875795,0.44197952218430037,586,1,-0.04608610000440021,-1.294287995258242
1105,4539.558546433378,0.34914866195527045,508.96231493943475,50.845510158304506,0.4508748317631225,743,3,-1.7915484047882044,0.12996337195143745
1106,4887.101604278075,0.2838879583536982,558.1671122994652,44.53111610205804,0.45187165775401067,748,1,-0.9715203307169292,-0.5066411180355963
1107,6227.955706984668,0.31968644797861173,669.8875638841567,62.324342187675995,0.44293015332197616,587,3,-1.1052315301046458,0.8450120519217449
1108,5743.174731182796,0.42642901315992776,591.9932795698925,93.72671981610964,0.4529569892473118,744,3,-3.22776417550793,2.3683442931765746
1109,4932.836177474403,0.28231783978400954,452.9675767918089,54.030455575967295,0.44197952218430037,586,3,-1.1371578735151127,-0.2565615710116951
1110,4536.848728246318,0.3175755736944821,541.9277108433735,59.91397729857982,0.4524765729585007,747,3,-1.7588270279085805,0.13827683993931597
1111,5279.730820995962,0.31364195772257125,455.2005383580081,57.26676421051271,0.4508748317631225,743,3,-1.594172243078439,0.07048787770332456
1112,10318.030955585464,0.3251730804273048,846.3768506056527,58.66522560067129,0.4508748317631225,743,3,-0.13204858168718447,1.7106795859566695
1113,6630.921122994652,0.2211346891438413,719.5735294117648,25.207158777191037,0.45187165775401067,748,1,0.637547442817175,-1.064351807175178
1114,20563.763368983957,0.16673220888872678,3190.9304812834225,12.054876206656143,0.45187165775401067,748,0,7.817270441127067,4.12056905704159
1115,6271.471140939598,0.27577678401743,431.289932885906,31.794495164556615,0.44966442953020136,745,1,-0.42060271734119,-0.8277030902296918
